callsign,origin,destination,aircraft_type,time,cargo
AAL2695,KORD,KCLT,B738,00:10,false
AAL734,KCLT,EGLL,B77W,00:34,false
AAL2409,KDFW,KCLT,A321,00:40,false
ATN3372,KILN,KCLT,B763,00:55,false
DAL2929,KMSP,KCLT,BCS1,01:08,false
AAL1212,KMIA,KCLT,B738,01:19,false
AAL3087,KCLT,KIND,A321,01:47,false
AAL3113,KCLT,KGRR,B738,01:48,false
AAL2976,KORD,KCLT,A321,02:06,false
UAL8131,KORD,KCLT,B738,02:12,false
LN279AH,KBNA,KCLT,PC24,02:29,false
ATN3375,KCLT,KCVG,B763,04:23,false
UPS1284,KPHL,KCLT,B752,05:02,true
AAL2237,KONT,KCLT,A321,05:19,false
AAL1165,KCLT,KMIA,B38M,05:27,false
JIA5257,KAVL,KCLT,CRJ7,05:31,false
AAL1454,KLAS,KCLT,A321,05:37,false
AAL1903,KRDU,KCLT,B38M,05:40,false
JIA5017,KGSO,KCLT,CRJ9,05:41,false
PDT5855,KCAE,KCLT,E145,05:41,false
AAL3298,KCHS,KCLT,A320,05:44,false
DAL3186,KCLT,KATL,B712,05:44,false
JIA5182,KTYS,KCLT,CRJ9,05:45,false
PDT5892,KAGS,KCLT,E145,05:47,false
PDT5842,KLYH,KCLT,E145,05:49,false
PDT5984,KTRI,KCLT,E145,05:49,false
PDT6007,KCHO,KCLT,E145,05:51,false
AAL1330,KPHX,KCLT,A21N,05:52,false
AAL1817,CYVR,KCLT,A21N,05:55,false
PDT5921,KROA,KCLT,E145,05:55,false
JIA5140,KLEX,KCLT,CRJ9,05:57,false
AAL2727,KCLT,KPHL,A321,05:58,false
AAL3180,KCLT,KDFW,A321,05:58,false
AAL549,KRIC,KCLT,B738,05:58,false
JIA5507,KATL,KCLT,CRJ9,06:01,false
PDT5866,KCHA,KCLT,E145,06:01,false
DAL1405,KCLT,KDTW,B712,06:02,false
PDT6006,KPGV,KCLT,E145,06:02,false
FDX1729,KIND,KCLT,B763,06:03,true
FFT3165,KCLT,KDFW,A20N,06:03,false
PDT6104,KEWN,KCLT,E145,06:03,false
AAL3168,KORF,KCLT,B38M,06:05,false
AAL2514,KSFO,KCLT,A321,06:07,false
ASH6279,KCLT,KIAD,E75L,06:07,false
JIA5027,KSAV,KCLT,CRJ9,06:07,false
PDT5821,KFAY,KCLT,E145,06:07,false
AAL365,KDCA,KCLT,A319,06:09,false
AAL2493,KILM,KCLT,A319,06:10,false
AAL1708,KBWI,KCLT,B738,06:13,false
RPA5648,KCLT,KBOS,E75L,06:14,false
PDT5985,KPHF,KCLT,E145,06:16,false
AAL349,KPIT,KCLT,B738,06:18,false
AA158,KROC,KCLT,A320,06:19,false
AAL1113,KEWR,KCLT,B38M,06:27,false
FDX1492,KMEM,KCLT,B763,06:29,true
XSR335,KCLT,KHPN,E55P,06:34,false
AAL2751,KLAS,KCLT,A321,06:40,false
DAL2491,KCLT,KMSP,BCS1,06:41,false
N317GS,KCLT,KNRB,LJ45,06:59,false
PDT5872,KERI,KCLT,E145,07:00,false
AAL2349,KCLT,KBHM,A319,07:03,false
SWA8500,KBWI,KCLT,B38M,07:03,false
DAL2275,KCLT,KATL,B712,07:05,false
AAL2632,KCLE,KCLT,B738,07:07,false
AAL770,KCLT,KMIA,A21N,07:10,false
AAL1548,KCLT,KBOS,B738,07:11,false
AAL1989,KCLT,KJAX,B738,07:11,false
AAL2427,KCLT,KRSW,B38M,07:12,false
PDT5917,KTLH,KCLT,E145,07:12,false
AAL2362,KCLT,KRDU,A321,07:13,false
JIA5214,KDAB,KCLT,CRJ9,07:15,false
N464T,KCLT,KIAD,C68A,07:15,false
RPA5599,KCLT,KLGA,E170,07:15,false
AAL2415,KCLT,KRIC,A320,07:17,false
JIA5176,KATL,KCLT,CRJ9,07:17,false
AAL1865,KCLT,KFLL,A321,07:20,false
AAL3139,KPHL,KCLT,A321,07:20,false
UAL575,KCLT,KIAH,B739,07:20,false
EDV5079,KCLT,KJFK,CRJ9,07:21,false
AAL2420,KRDU,KCLT,B738,07:22,false
AAL2569,KCLT,KILM,B738,07:23,false
PDT6048,KCLT,KCAE,E145,07:23,false
AAL1216,KIAD,KCLT,A320,07:24,false
SWA4695,KCLT,KBWI,B737,07:25,false
PDT5856,KFAY,KCLT,E145,07:26,false
PDT6054,KCLT,KCHO,E145,07:26,false
AAL2043,KCLT,KLGA,B738,07:27,false
AAL2487,KCLT,KSAT,A321,07:27,false
AAL2492,KCLT,KCVG,A319,07:27,false
AAL1065,KBNA,KCLT,A321,07:28,false
AAL2278,KCLT,KDJT,B38M,07:28,false
JIA5144,KCLT,KCMH,CRJ9,07:28,false
PDT6033,KCLT,KAVL,E145,07:28,false
AAL2084,KCLT,KMCO,A321,07:29,false
AAL2670,KBWI,KCLT,A321,07:29,false
JIA5193,KPIA,KCLT,CRJ9,07:29,false
PDT5852,KCLT,KOAJ,E145,07:30,false
AAL2431,KCLT,TJCP,A319,07:31,false
AAL2310,KCLT,KPIT,A321,07:32,false
PDT5992,KTRI,KCLT,E145,07:32,false
AAL1791,KCLT,KDTW,A319,07:33,false
AAL2615,KCLT,KIND,A321,07:33,false
N20997,KCLT,KCQW,C172,07:33,false
PDT5975,KAVL,KCLT,E145,07:33,false
PDT6010,KSBY,KCLT,E145,07:33,false
PDT6072,KCLT,KFAY,E145,07:33,false
AAL978,KMEM,KCLT,A319,07:34,false
EJA942,KCLT,KRNO,C68A,07:34,false
JIA5219,KCLT,KIAD,CRJ7,07:34,false
JIA5540,KAVP,KCLT,CRJ9,07:35,false
AAL1449,KCLT,KBDL,B738,07:36,false
AAL2938,KIND,KCLT,B738,07:36,false
PDT5798,KCLT,KGSP,E145,07:37,false
PDT6016,KCLT,KAGS,E145,07:37,false
AAL881,KCLT,MMUN,A321,07:38,false
PDT5828,KCLT,KLYH,E145,07:38,false
PDT6009,KOAJ,KCLT,E145,07:38,false
AAL858,KSTL,KCLT,A319,07:39,false
AAL3084,KLGA,KCLT,B738,07:40,false
PDT5947,KCLT,KTYS,E145,07:40,false
PDT5967,KMGM,KCLT,E145,07:40,false
AAL1580,KSFO,KCLT,A21N,07:41,false
AAL1707,KCLT,KDFW,A321,07:41,false
JIA5081,KCLT,KBNA,CRJ9,07:42,false
AAL3206,KCMH,KCLT,B738,07:43,false
AAL626P,KCLT,KCVG,B738,07:43,false
ENY3965,KGSO,KCLT,E75L,07:44,false
PDT5954,KTYS,KCLT,E145,07:44,false
PDT5793,KCLT,KGSO,E145,07:45,false
AAL1746,CYYZ,KCLT,A319,07:46,false
JIA5386,KMLB,KCLT,CRJ9,07:46,false
AAL1834,KJAX,KCLT,A321,07:47,false
PDT6080,KCLT,KGNV,E145,07:47,false
AAL2505,KEWR,KCLT,B738,07:49,false
AAL2843,KCLT,KORD,A321,07:50,false
AAL440,KALB,KCLT,B738,07:50,false
JIA5238,KJAN,KCLT,CRJ9,07:51,false
JIA5495,KCAK,KCLT,CRJ9,07:51,false
AAL1581,KDCA,KCLT,A320,07:52,false
AAL3320,KCLT,KTPA,A321,07:52,false
JIA5262,KCLT,KLEX,CRJ9,07:52,false
AAL2733,KCLT,KSTL,B738,07:53,false
JIA5038,KBHM,KCLT,CRJ7,07:53,false
VTE3937,KAOO,KCLT,E135,07:53,false
AAL1754,KCLT,KDEN,A321,07:54,false
AAL1204,KBUF,KCLT,B738,07:55,false
AAL1097,KRSW,KCLT,B738,07:57,false
JIA5035,KMHT,KCLT,CRJ9,07:57,false
AAL2760,KILM,KCLT,A321,07:58,false
JIA5600,KABE,KCLT,CRJ7,07:58,false
JIA9953,KCLT,KDAY,CRJ7,07:58,false
PDT6050,KCLT,KCHA,E145,07:58,false
AAL387,KDTW,KCLT,A320,07:59,false
AAL1930,KCLT,KIAH,B738,08:00,false
AAL3230,KGRR,KCLT,B738,08:00,false
JIA5049,KSAV,KCLT,CRJ9,08:00,false
N902FH,KCLT,KBNA,C56X,08:00,false
LN279AH,KCLT,KPIE,PC24,08:02,false
AAL1782,KCLT,KEWR,B38M,08:03,false
PDT5803,KCHO,KCLT,E145,08:03,false
ENY3940,KHSV,KCLT,E75L,08:04,false
AAL3235,KCHS,KCLT,B738,08:05,false
PDT5833,KMDT,KCLT,E145,08:06,false
AAL1381,KCLT,KPHX,A21N,08:07,false
AAL2187,KMIA,KCLT,A21N,08:07,false
AAL418,KBOS,KCLT,B738,08:08,false
AAL1635,KCLT,KBWI,A319,08:09,false
AAL2643,KJFK,KCLT,B38M,08:10,false
PDT6098,KEWN,KCLT,E145,08:10,false
SWA3048,KCLT,KMDW,B38M,08:11,false
AAL384,KPIT,KCLT,B38M,08:13,false
DAL3156,KCLT,KATL,B712,08:14,false
PDT8815,KGNV,KCLT,E145,08:14,false
N88LC,KCLT,KFDY,GA5C,08:15,false
AAL2848,KDJT,KCLT,A321,08:16,false
JIA5654,KGSP,KCLT,CRJ9,08:17,false
N712GK,KCLT,KAHN,C56X,08:17,false
SWA8500,KCLT,KGSO,B38M,08:17,false
JIA5036,KORF,KCLT,CRJ9,08:18,false
FFT2387,KPHL,KCLT,A321,08:20,false
UAL1304,KCLT,KORD,B738,08:22,false
PDT6087,KFWA,KCLT,E145,08:23,false
AAL1063,KRIC,KCLT,A321,08:24,false
PDT5933,KROA,KCLT,E145,08:24,false
PDT5981,KAGS,KCLT,E145,08:26,false
SWA1167,KCLT,KBNA,B38M,08:26,false
AAL2842,KORD,KCLT,A321,08:27,false
ATN3338,KCLT,KSBD,B763,08:27,false
AAL3279,KLGA,KCLT,B738,08:28,false
UPS5273,KCLT,KRFD,B752,08:28,true
JIA5255,KSDF,KCLT,CRJ9,08:30,false
LN274AH,KCLT,KGMU,PC24,08:30,false
N142JS,KCLT,KSAV,GA5C,08:30,false
JIA5399,KSBN,KCLT,CRJ9,08:31,false
EDV5068,KLGA,KCLT,CRJ9,08:32,false
AAL1585,KPVD,KCLT,B738,08:35,false
AAL3046,KCLT,KPHL,A320,08:35,false
N9224G,KSOP,KCLT,C182,08:36,false
AAL3182,KBDL,KCLT,A321,08:37,false
AAL575,KDFW,KCLT,A321,08:37,false
AAL1977,KCLT,KDCA,A319,08:39,false
AAL461,KMCO,KCLT,A321,08:40,false
DAL3144,KATL,KCLT,B712,08:42,false
AAL2538,KTPA,KCLT,A321,08:43,false
DAL2481,KDTW,KCLT,B712,08:44,false
RPA5626,KBOS,KCLT,E75L,08:44,false
UAL1963,KCLT,KDEN,A319,08:44,false
AAL2264,KSRQ,KCLT,A320,08:46,false
N38CG,KELM,KCLT,CRJ2,08:52,false
N3712H,KCLT,KSOP,M20P,08:57,false
N946RM,KBHM,KCLT,LJ45,08:57,false
AAL1276,KCLT,KDFW,A321,08:59,false
AAL2180,KCLT,KMSY,B738,08:59,false
JIA5585,KCLT,KCAK,CRJ9,08:59,false
AAL1575,KEWR,KCLT,B738,09:02,false
AAL2693,KCLT,KSRQ,A320,09:04,false
VTE3415,KPKB,KCLT,E135,09:04,false
AAL1080,KCLT,KCMH,A319,09:06,false
N404SC,KUZA,KCLT,PC12,09:06,false
PDT6105,KCHA,KCLT,E145,09:06,false
AAL1352,KCLT,KALB,B738,09:07,false
AAL1439,KDTW,KCLT,A319,09:07,false
AAL2336,KCLT,KPVD,A320,09:08,false
AAL1029,KCLT,KJFK,B738,09:11,false
AAL2692,KBNA,KCLT,B738,09:12,false
EDV5052,KJFK,KCLT,CRJ9,09:13,false
RPA3517,KEWR,KCLT,E75L,09:13,false
AAL990,KCLT,KBZN,B38M,09:14,false
AAL1462,KBOS,KCLT,A321,09:15,false
AAL3217,KCMH,KCLT,A321,09:15,false
JIA5039,KCLT,KATL,CRJ9,09:15,false
JIA5417,KCAK,KCLT,CRJ7,09:16,false
JIA5431,KCLT,KHPN,CRJ7,09:16,false
PDT6062,KCLT,KERI,E145,09:16,false
AAL1666,KCLT,KCHS,A320,09:17,false
JIA5151,KCLT,KDAB,CRJ9,09:17,false
AAL2967,KCVG,KCLT,A320,09:18,false
AAL895,KCLT,MMUN,A321,09:18,false
AAL1533,KCLT,KBOS,B738,09:19,false
AAL2133,KBDL,KCLT,B738,09:19,false
ENY4083,KSGF,KCLT,E75L,09:19,false
N38603,KCLT,KGMU,P28A,09:20,false
AAL1297,KMCI,KCLT,B738,09:21,false
AAL1890,KCLT,KGRR,A320,09:22,false
AAL2966,KPWM,KCLT,B738,09:22,false
JIA5294,KCLT,KMHT,CRJ9,09:23,false
JIA5612,KBTR,KCLT,CRJ7,09:25,false
PDT5799,KCLT,KGSP,E145,09:25,false
JIA5326,KCLT,KORF,CRJ7,09:26,false
JIA5403,KHPN,KCLT,CRJ7,09:26,false
PDT5817,KCLT,KGPT,E145,09:26,false
PDT6048,KCAE,KCLT,E145,09:26,false
AAL2828,KCLT,KTPA,B738,09:28,false
PDT5897,KSBY,KCLT,E145,09:29,false
AAL1525,KMCO,KCLT,A321,09:30,false
AAL1784,KORD,KCLT,A321,09:30,false
PDT5916,KCLT,KSBY,E145,09:30,false
AAL894,KMSP,KCLT,A319,09:31,false
JIA5175,KECP,KCLT,CRJ9,09:31,false
PDT6073,KCLT,KLYH,E145,09:31,false
AAL2011,KIAH,KCLT,B738,09:32,false
JIA5020,KCLT,CYYZ,CRJ9,09:32,false
PDT5793,KGSO,KCLT,E145,09:33,false
AAL2103,KPNS,KCLT,A319,09:34,false
AAL1119,KSAT,KCLT,B738,09:35,false
N38CG,KCLT,KELM,CRJ2,09:35,false
SWA148,KBWI,KCLT,B737,09:35,false
PDT5950,KCLT,KTYS,E145,09:36,false
PDT6016,KAGS,KCLT,E145,09:36,false
AAL2087,KFLL,KCLT,A321,09:37,false
JIA5446,KCLT,KXNA,CRJ9,09:37,false
N930WD,KCLT,KFTY,TBM9,09:38,false
AAL1039,KCID,KCLT,A319,09:39,false
PDT5824,KCLT,KJAN,E145,09:39,false
AAL2185,KVPS,KCLT,A319,09:40,false
JIA5377,KCLT,KROC,CRJ9,09:40,false
JIA5676,KSAV,KCLT,CRJ7,09:40,false
AAL1042,KOMA,KCLT,B738,09:42,false
N665T,KCLT,KTEB,C68A,09:42,false
PDT6030,KCLT,KAVL,E145,09:42,false
AAL1853,KDJT,KCLT,A321,09:43,false
AAL2854,KDSM,KCLT,A320,09:43,false
FFT1384,KCLT,KPHL,A321,09:43,false
AAL2676,KCLT,MMCU,A321,09:44,false
AAL346,KIND,KCLT,A321,09:44,false
AAL2021,KCLE,KCLT,B738,09:45,false
JIA5405,KCLT,KSGF,CRJ9,09:45,false
JIA5562,KBTV,KCLT,CRJ9,09:45,false
PDT5863,KCLT,KPGV,E145,09:45,false
AAL1482,KAUS,KCLT,B738,09:46,false
AAL1002,KMSN,KCLT,A321,09:47,false
JIA5679,CYUL,KCLT,CRJ9,09:47,false
JZA746,KCLT,CYYZ,CRJ9,09:47,false
AAL1235,KSYR,KCLT,A321,09:48,false
AAL1444,KJFK,KCLT,B738,09:49,false
AAL2273,KOKC,KCLT,A320,09:49,false
PDT5910,KCLT,KSAV,E145,09:49,false
DAL3174,KCLT,KATL,B712,09:50,false
PDT5972,KMOB,KCLT,E145,09:50,false
AAL875,KCLT,MKJS,A321,09:51,false
ENY4006,KCOU,KCLT,E75L,09:51,false
PDT6072,KFAY,KCLT,E145,09:51,false
RPA3662,KORD,KCLT,E75L,09:51,false
AAL1704,KTPA,KCLT,A321,09:53,false
AAL301,KCLT,MWCR,B738,09:53,false
AAL3085,KMIA,KCLT,B772,09:53,false
JIA5083,KCLT,KBNA,CRJ9,09:54,false
PDT5946,KCLT,KTRI,E145,09:55,false
AAL1729,KTUL,KCLT,B738,09:56,false
AAL1986,KCLT,KPHX,A21N,09:56,false
ASH4063,KIAD,KCLT,E75L,09:56,false
PDT6086,KMLI,KCLT,E145,09:57,false
AAL3080,KCLT,KSYR,B738,09:58,false
JIA5638,KMDT,KCLT,CRJ9,09:58,false
PDT5820,KCLT,KILM,E145,09:58,false
AAL1023,KLGA,KCLT,A320,09:59,false
AAL2866,KMKE,KCLT,A321,09:59,false
JIA5381,KGSP,KCLT,CRJ7,09:59,false
AAL1038,KCLT,KORD,B738,10:00,false
JIA5426,KLFT,KCLT,CRJ9,10:00,false
AAL374,KCLT,KJFK,B738,10:02,false
N750JT,KOMA,KCLT,C750,10:02,false
PDT5828,KLYH,KCLT,E145,10:02,false
AAL712,KSTL,KCLT,B738,10:03,false
AAL823,KCLT,TLPC,A321,10:03,false
EDV5068,KCLT,KLGA,CRJ9,10:04,false
AAL2715,KBOS,KCLT,A321,10:05,false
PDT5852,KOAJ,KCLT,E145,10:05,false
PDT6033,KAVL,KCLT,E145,10:06,false
DAL1639,KCLT,KDTW,B712,10:07,false
JIA5650,KCLT,KVRB,CRJ9,10:07,false
AAL1677,KCLT,KCLE,B738,10:08,false
AAL2415,KRIC,KCLT,A320,10:08,false
PDT6129,KCLT,KFWA,E145,10:08,false
AAL2362,KRDU,KCLT,A321,10:09,false
PDT5898,KCLT,KROA,E145,10:09,false
PDT5947,KTYS,KCLT,E145,10:10,false
AAL2825,KCLT,KDCA,A320,10:12,false
AAL1494,KPHL,KCLT,A320,10:13,false
AAL1944,KCLT,KIND,B738,10:13,false
ENY3563,KCLT,KHXD,E75L,10:13,false
PDT5962,KROA,KCLT,E145,10:14,false
VNT452,KCLT,KORF,C56X,10:14,false
JIA5242,KDAY,KCLT,CRJ9,10:15,false
PDT6042,KCLT,KCAE,E145,10:15,false
AAL2052,KCLT,KMCI,B738,10:16,false
AAL2291,KCLT,KPHL,A321,10:16,false
AAL2316,KCLT,KPNS,A319,10:17,false
AAL874,KCLT,KGGE,B738,10:17,false
AAL1436,KCLT,KMIA,A21N,10:18,false
PDT6068,KCLT,KEWN,E145,10:18,false
AAL3187,TJSJ,KCLT,A321,10:19,false
RPA5626,KCLT,KBOS,E75L,10:19,false
N282WG,KCLT,KIAD,C25C,10:21,false
PDT6050,KCHA,KCLT,E145,10:21,false
AAL2569,KILM,KCLT,B738,10:22,false
PDT6000,KCLT,KTLH,E145,10:22,false
JIA5579,KCLT,KRAP,CRJ9,10:23,false
DAL1827,KMSP,KCLT,BCS1,10:24,false
AAL2110,KCLT,KMEM,B738,10:25,false
AAL2349,KBHM,KCLT,A319,10:25,false
AAL609,KMCO,KCLT,A321,10:25,false
PDT5869,KCLT,KPHF,E145,10:25,false
JIA5058,KCLT,KAVP,CRJ9,10:26,false
JIA5081,KBNA,KCLT,CRJ9,10:27,false
AAL1518,KDCA,KCLT,A320,10:28,false
AAL2432,KCLT,TJCP,A319,10:28,false
EJA279,KCLT,KMVY,E545,10:28,false
PDT5835,KCLT,KMDT,E145,10:28,false
AAL2074,KCLT,KMCO,A321,10:29,false
EJA567,KAHN,KCLT,C68A,10:29,false
VTE3416,KCLT,KPKB,E135,10:29,false
AAL1989,KJAX,KCLT,B738,10:30,false
EDV5052,KCLT,KJFK,CRJ9,10:32,false
PDT6054,KCHO,KCLT,E145,10:32,false
AAL3044,KMIA,KCLT,A21N,10:33,false
N532CC,KCLT,KEWN,GA5C,10:33,false
SWA2749,KMDW,KCLT,B738,10:35,false
JIA5179,KCLT,KECP,CRJ9,10:37,false
AAL317,KDFW,KCLT,A321,10:39,false
JIA5143,KCLT,KCRW,CRJ9,10:40,false
PDT5810,KCLT,KHSV,E145,10:41,false
JIA5322,KJAN,KCLT,CRJ9,10:44,false
JIA5219,KIAD,KCLT,CRJ7,10:49,false
PDT6080,KGNV,KCLT,E145,10:50,false
SWA148,KCLT,KDAL,B737,10:50,false
ASH3988,KIAH,KCLT,E75L,10:52,false
AAL2492,KCVG,KCLT,A319,10:58,false
JIA5144,KCMH,KCLT,CRJ9,11:00,false
ASH4012,KCLT,KIAD,E75L,11:02,false
AAL1658,KCLT,KCHS,A319,11:06,false
N644LB,KUZA,KCLT,S22T,11:06,false
AAL2381,KCLT,KRDU,A321,11:07,false
AAL1266,KMSY,KCLT,A321,11:09,false
AAL2279,KCLT,KDJT,A321,11:09,false
AAL3222,KORD,KCLT,A321,11:09,false
AAL1877,KCLT,KFLL,B738,11:11,false
AAL2363,KCLT,KRDU,B738,11:11,false
DAL3190,KATL,KCLT,B712,11:12,false
PDT5802,KCLT,KGSP,E145,11:13,false
AAL1611,KCLT,KBOS,B738,11:14,false
ENY4178,KCLT,KSAV,E75L,11:14,false
JIA5180,KCLT,KHPN,CRJ7,11:15,false
AAL1635,KBWI,KCLT,A319,11:16,false
AAL2153,KCLT,KMSP,A320,11:17,false
AAL2908,KCLT,KORD,B738,11:17,false
AAL969,KCLT,KMIA,B738,11:17,false
AAL2084,KMCO,KCLT,A321,11:19,false
AAL2310,KPIT,KCLT,A321,11:19,false
AAL1781,KCLT,KDTW,A319,11:20,false
JIA5199,KCLT,KRIC,CRJ9,11:20,false
AAL1616,KCLT,KBUF,B738,11:21,false
JIA5299,KCLT,KMLB,CRJ7,11:22,false
RPA3440,KCLT,KORD,E75L,11:22,false
AAL2427,KRSW,KCLT,B38M,11:24,false
N373CH,KCLT,KZZV,C25B,11:24,false
RPA3448,KCLT,KEWR,E75L,11:24,false
N160DC,KCHS,KCLT,C421,11:26,false
AAL2127,KCLT,KMCO,A321,11:27,false
JIA5388,KCLT,KSBN,CRJ9,11:28,false
JIA5220,KCLT,KIAD,CRJ7,11:29,false
AAL1285,KCLT,KDFW,A321,11:30,false
N572PC,KSVH,KCLT,PC12,11:30,false
AAL3297,KSAT,KCLT,A320,11:31,false
PDT6017,KCLT,KAGS,E145,11:31,false
PDT5796,KCLT,KGSO,E145,11:32,false
DAL1827,KCLT,KMSP,BCS1,11:33,false
ENY3871,KXNA,KCLT,E75L,11:33,false
AAL2001,KCLT,KJAX,B738,11:34,false
JIA5234,KDAY,KCLT,CRJ7,11:35,false
PDT5822,KCLT,KILM,E145,11:35,false
FFT1446,KMCO,KCLT,A21N,11:36,false
PDT6073,KLYH,KCLT,E145,11:36,false
PDT6127,KCLT,KCHA,E145,11:36,false
AAL2853,KCLT,KTUL,B738,11:37,false
FFT1984,KFLL,KCLT,A21N,11:39,false
JIA5349,KCLT,KPNS,CRJ9,11:39,false
PDT5950,KTYS,KCLT,E145,11:39,false
PDT6075,KCLT,KFAY,E145,11:39,false
AAL1886,KAUS,KCLT,A321,11:40,false
N590CJ,KBHM,KCLT,C25B,11:41,false
AAL1085,KCLT,MKJS,A321,11:42,false
JIA5171,KCLT,KLEX,CRJ9,11:42,false
PDT5844,KCLT,KMOB,E145,11:42,false
AAL1666,KCHS,KCLT,A320,11:44,false
AAL2615,KIND,KCLT,A321,11:44,false
AAL3320,KTPA,KCLT,A321,11:44,false
PDT5953,KCLT,KTYS,E145,11:45,false
PDT5994,KCLT,KCAE,E145,11:45,false
AAL1690,KDFW,KCLT,A321,11:46,false
AAL2717,KCLT,KSTL,A319,11:46,false
AAL846,KCLT,KBWI,A319,11:46,false
AAL2134,KCLT,KMKE,A319,11:47,false
AAL2819,KMIA,KCLT,A21N,11:47,false
AAL588,KCLT,KPHX,A321,11:47,false
PDT5946,KTRI,KCLT,E145,11:47,false
JIA5350,KCLT,CYUL,CRJ9,11:48,false
PDT5853,KCLT,KOAJ,E145,11:48,false
PDT6134,KCLT,KMDT,E145,11:48,false
AAL2278,KDJT,KCLT,B38M,11:49,false
AAL2348,KCLT,KPWM,A320,11:49,false
AAL2733,KSTL,KCLT,B738,11:49,false
SWA4529,KCLT,KMDW,B738,11:49,false
AAL886,KCLT,MMUN,B738,11:51,false
PDT5910,KSAV,KCLT,E145,11:51,false
VTE3802,KCLT,KMSL,E135,11:53,false
JIA5093,KCLT,KBTV,CRJ9,11:54,false
PDT5863,KPGV,KCLT,E145,11:54,false
SKW4932,KCLT,KBHM,CRJ7,11:54,false
AAL2033,KCLT,KLGA,A320,11:56,false
AAL3162,KIAH,KCLT,A21N,11:56,false
JIA5262,KLEX,KCLT,CRJ9,11:56,false
DAL2684,KDTW,KCLT,B712,11:57,false
AAL1292,KCLT,KGGE,A321,11:58,false
RPA3504,KEWR,KCLT,E75L,11:58,false
AAL2220,KCLT,KOKC,A320,11:59,false
AAL1865,KFLL,KCLT,A321,12:00,false
AAL2498,KCLT,KPHL,A320,12:00,false
N4CQ,KJQF,KCLT,B06,12:01,false
PDT5820,KILM,KCLT,E145,12:01,false
AAL2812,KCLT,KJFK,B738,12:02,false
ASH6236,KCLT,KIAH,E75L,12:02,false
FFT2396,KIAH,KCLT,A20N,12:02,false
ENY4146,KCLT,KLIT,E75L,12:03,false
PDT5785,KCLT,KGNV,E145,12:03,false
PDT6042,KCAE,KCLT,E145,12:03,false
AAL429,KCVG,KCLT,B738,12:04,false
JIA5444,KCLT,KXNA,CRJ9,12:04,false
AAL1080,KCMH,KCLT,A319,12:06,false
EDV5051,KLGA,KCLT,CRJ9,12:06,false
AAL1763,KCLT,KDSM,A320,12:07,false
PDT6053,KCLT,KCHO,E145,12:08,false
JIA5039,KATL,KCLT,CRJ9,12:09,false
PDT6064,KCLT,KEVV,E145,12:09,false
VTE154,KBCT,KCLT,CRJ2,12:10,false
AAL2200,KMSY,KCLT,B738,12:11,false
N142JS,KSAV,KCLT,GA5C,12:12,false
AAL1448,KCLT,KBDL,A321,12:13,false
AAL1463,KCLT,KBGR,A321,12:14,false
AAL573,KDEN,KCLT,A321,12:14,false
N160DC,KCLT,KJQF,C421,12:14,false
AAL2295,KCLT,KPIT,A319,12:16,false
AAL1346,KCLT,KGGE,B738,12:17,false
EJA567,KCLT,KRIC,C68A,12:18,false
AAL2254,KCLT,KORF,B738,12:19,false
JIA5357,KCLT,KATW,CRJ9,12:21,false
PDT6068,KEWN,KCLT,E145,12:23,false
DAL3190,KCLT,KATL,B712,12:25,false
AAL2038,KCLT,KLAS,A321,12:26,false
AAL889,KCLT,KTPA,A321,12:26,false
JIA5151,KDAB,KCLT,CRJ9,12:26,false
N572PC,KCLT,KBUF,PC12,12:27,false
N9224G,KCLT,KSOP,C182,12:29,false
ENY3563,KHXD,KCLT,E75L,12:30,false
JIA5083,KBNA,KCLT,CRJ9,12:30,false
N54DK,KLEX,KCLT,HDJT,12:31,false
AAL1449,KBDL,KCLT,B738,12:32,false
N156SB,KABE,KCLT,PC12,12:32,false
PDT5898,KROA,KCLT,E145,12:33,false
SCX1947,KMSP,KCLT,B738,12:36,false
AAL705,EDDF,KCLT,B772,12:37,false
JIA5148,KCLT,KDAB,CRJ9,12:38,false
SWA477,KBNA,KCLT,B737,12:40,false
AAL381,KSEA,KCLT,A321,12:42,false
VTE3422,KCLT,KBKW,E135,12:42,false
AAL2255,KCLT,KORF,A319,12:43,false
AAL785,EDDM,KCLT,B772,12:44,false
AAL2502,KORD,KCLT,A21N,12:47,false
PDT6062,KERI,KCLT,E145,12:47,false
AAL3278,KCLT,KCVG,B38M,12:48,false
AAL2671,KCLT,KVPS,A320,12:49,false
PDT5916,KSBY,KCLT,E145,12:50,false
RPA5630,KBOS,KCLT,E75L,12:50,false
AAL1251,KCLT,KSFO,A321,12:51,false
AAL1919,KCLT,KIAH,A321,12:52,false
JIA5143,KCRW,KCLT,CRJ9,12:52,false
RPA3442,KCLT,KORD,E75L,12:52,false
EDV5049,KJFK,KCLT,CRJ9,12:53,false
N362AH,KJQF,KCLT,EC35,12:53,false
AAL1180,KPHL,KCLT,A320,12:54,false
N159FM,KCLT,KAHN,H25B,12:55,false
N297BA,KDJT,KCLT,G280,12:55,false
AAL1548,KBOS,KCLT,B738,12:58,false
JIA5457,KCLT,KMSN,CRJ9,12:58,false
N12ML,KPNE,KCLT,E55P,13:01,false
AAL2043,KLGA,KCLT,B738,13:02,false
JIA5331,KORF,KCLT,CRJ7,13:02,false
AAL2693,KSRQ,KCLT,A320,13:03,false
AAL731,EGLL,KCLT,B77W,13:03,false
N135N,KCLT,KAVL,EC35,13:03,false
JIA5490,KCLT,KDAY,CRJ9,13:05,false
PDT5869,KPHF,KCLT,E145,13:06,false
AAL1310,KPDX,KCLT,A321,13:07,false
AAL2832,KCLT,KTPA,A321,13:07,false
VTE154,KCLT,KFRG,CRJ2,13:08,false
LXJ538,KCLT,KCMH,CL30,13:09,false
FFT1445,KCLT,KMCO,A21N,13:10,false
AAL3009,KPHX,KCLT,A21N,13:11,false
JIA5431,KHPN,KCLT,CRJ7,13:11,false
N54DE,KUZA,KCLT,EC45,13:12,false
PDT5796,KGSO,KCLT,E145,13:12,false
PDT5809,KCLT,KILM,E145,13:12,false
DAL2157,KATL,KCLT,B712,13:13,false
DAL2684,KCLT,KDTW,B712,13:15,false
ENY3562,KCLT,KARW,E75L,13:15,false
PDT6110,KCLT,KAGS,E145,13:16,false
AAL1950,KCLT,KIND,A320,13:17,false
AAL3082,KSFO,KCLT,A321,13:17,false
AAL1295,KDCA,KCLT,A319,13:18,false
AAL2309,KCLT,KPIT,B38M,13:18,false
PDT6000,KTLH,KCLT,E145,13:18,false
JIA5041,KCLT,KATL,CRJ7,13:19,false
AAL2073,KMCO,KCLT,A321,13:21,false
AAL3161,KBOS,KCLT,B738,13:21,false
COL1953,KTTN,KCLT,H25B,13:21,false
AAL2170,KCLT,KMSY,A21N,13:22,false
PDT6112,KCLT,KAVL,E145,13:22,false
AAL2828,KTPA,KCLT,B738,13:23,false
PDT5802,KGSP,KCLT,E145,13:25,false
AAL1890,KGRR,KCLT,A320,13:26,false
AAL3047,KCLT,KBNA,A321,13:26,false
PDT6017,KAGS,KCLT,E145,13:26,false
PDT6075,KFAY,KCLT,E145,13:26,false
AAL1857,KDFW,KCLT,A321,13:27,false
AAL2444,KCLT,KRSW,A321,13:27,false
AAL2407,KCLT,KDFW,A321,13:29,false
PDT5868,KCLT,KPHF,E145,13:29,false
RPA3450,KORD,KCLT,E75L,13:29,false
EDV5051,KCLT,KLGA,CRJ9,13:30,false
FFT2388,KCLT,KPHL,A21N,13:30,false
AAL1875,KCLT,KFLL,B738,13:31,false
AAL1876,KCLT,CYYZ,A319,13:32,false
AAL2336,KPVD,KCLT,A320,13:32,false
AAL2573,KCLT,KPHL,B738,13:34,false
JCM26,KBNA,KCLT,H25B,13:34,false
PDT6047,KCLT,KCAE,E145,13:35,false
PDT5810,KHSV,KCLT,E145,13:36,false
JIA5383,KCLT,KSAV,CRJ9,13:38,false
PDT5805,KCLT,KGSP,E145,13:38,false
AAL1352,KALB,KCLT,B738,13:39,false
JIA5650,KVRB,KCLT,CRJ9,13:40,false
JIA5179,KECP,KCLT,CRJ9,13:41,false
JIA5020,CYYZ,KCLT,CRJ9,13:42,false
N946RM,KCLT,KBHM,LJ45,13:44,false
PDT5900,KCLT,KROA,E145,13:44,false
ENY4178,KSAV,KCLT,E75L,13:46,false
PDT5806,KCLT,KHSV,E145,13:46,false
AAL2036,KCLT,KLGA,B738,13:47,false
N362AH,KCLT,KJQF,EC35,13:47,false
PDT5832,KCLT,KMDT,E145,13:47,false
AAL2390,KCLT,KRDU,A321,13:48,false
EDV5046,KLGA,KCLT,CRJ9,13:48,false
PDT6129,KFWA,KCLT,E145,13:48,false
PDT5822,KILM,KCLT,E145,13:49,false
AAL1658,KCHS,KCLT,A319,13:50,false
PDT5953,KTYS,KCLT,E145,13:50,false
PDT6069,KCLT,KEWN,E145,13:51,false
AAL1150,KLGA,KCLT,A321,13:53,false
AAL2316,KPNS,KCLT,A319,13:53,false
AAL2487,KSAT,KCLT,A321,13:53,false
AAL787,LFPG,KCLT,B772,13:54,false
PDT5826,KCLT,KLYH,E145,13:54,false
AAL1930,KIAH,KCLT,B738,13:55,false
N156SB,KCLT,KLUK,PC12,13:56,false
AAL1311,KPHL,KCLT,A320,13:58,false
NO_CALLSIGN,KCLT,KUZA,C172,13:59,false
AAL2110,KMEM,KCLT,B738,14:00,false
AAL2381,KRDU,KCLT,A321,14:00,false
JIA5377,KROC,KCLT,CRJ9,14:02,false
N148B,KPHX,KCLT,GLF6,14:02,false
SCX1948,KCLT,KMSP,B738,14:02,false
AAL996,KCLT,KGSO,A320,14:03,false
AAL1681,KCLT,KCLE,B738,14:05,false
AAL2957,KLAS,KCLT,A321,14:05,false
PDT5853,KOAJ,KCLT,E145,14:05,false
JIA5199,KRIC,KCLT,CRJ9,14:06,false
JIA5118,KCLT,KCHS,CRJ9,14:07,false
N405T,KMDW,KCLT,C68A,14:07,false
PDT5824,KJAN,KCLT,E145,14:08,false
AAL1770,KCLT,KDTW,A319,14:09,false
AAL3271,KCLT,KMCO,A321,14:09,false
FFT3076,KCLT,KBWI,A20N,14:09,false
JIA5058,KAVP,KCLT,CRJ9,14:09,false
JIA5405,KSGF,KCLT,CRJ9,14:09,false
N217MS,KUOS,KCLT,G150,14:09,false
AAL2530,KCLT,KORD,A21N,14:10,false
ASH6239,KIAD,KCLT,E75L,14:10,false
AAL2116,KCLT,KMEM,A320,14:11,false
SWA477,KCLT,KBWI,B737,14:11,false
EJA530,KPDK,KCLT,C68A,14:14,false
JIA5294,KMHT,KCLT,CRJ9,14:14,false
PDT5998,KCAE,KCLT,E145,14:14,false
JIA5446,KXNA,KCLT,CRJ9,14:15,false
AAL1677,KCLE,KCLT,B738,14:16,false
JIA5134,KCLT,KCMH,CRJ9,14:16,false
PDT5831,KCLT,KTYS,E145,14:16,false
AAL2074,KMCO,KCLT,A321,14:17,false
PDT5858,KCLT,KOAJ,E145,14:18,false
PDT6101,KAVL,KCLT,E145,14:18,false
EJA309,KSUA,KCLT,E55P,14:19,false
PDT6127,KCHA,KCLT,E145,14:19,false
AAL1944,KIND,KCLT,B738,14:21,false
AAL2363,KRDU,KCLT,B738,14:23,false
DAL2819,KMSP,KCLT,BCS1,14:25,false
HOB5,KCLT,KOKC,LJ45,14:27,false
JIA5075,KCLT,KBHM,CRJ7,14:28,false
AAL1573,KCLT,KBOS,B738,14:29,false
AAL2912,KCLT,KMIA,A21N,14:30,false
N45KV,KMRN,KCLT,EC45,14:32,false
AAL725,EIDW,KCLT,B772,14:33,false
DAL2157,KCLT,KATL,B712,14:34,false
AAL2318,KCLT,KPVD,B738,14:35,false
JIA9954,KCLT,KAVL,CRJ7,14:36,false
N12ML,KCLT,KHPN,E55P,14:36,false
AAL2174,KCLT,KMSY,A319,14:39,false
AAL2177,KSNA,KCLT,B38M,14:39,false
PDT5932,KCLT,KTLH,E145,14:39,false
PDT6053,KCHO,KCLT,E145,14:39,false
PDT6128,KCLT,KCHO,E145,14:39,false
RPA3450,KCLT,KEWR,E75L,14:39,false
AAL3220,KCLT,KPHX,A321,14:41,false
PDT5839,KCLT,KMGM,E145,14:41,false
N151B,KPDK,KCLT,GA6C,14:42,false
AAL3080,KSYR,KCLT,B738,14:45,false
RPA5630,KCLT,KBOS,E75L,14:45,false
N54DK,KCLT,KSOP,HDJT,14:46,false
JIA5299,KMLB,KCLT,CRJ7,14:47,false
FEX850,KCLT,KMIA,CRJ2,14:48,false
N55LC,KCLT,KTEB,GA5C,14:49,false
EJA252,KTEB,KCLT,CL60,14:52,false
COL1953,KCLT,KJVL,H25B,14:54,false
JIA5171,KLEX,KCLT,CRJ9,14:54,false
VTE3417,KPKB,KCLT,E135,14:55,false
N136MV,KBWI,KCLT,FA50,14:56,false
AAL3115,KCLT,KOMA,A320,14:57,false
AAL2352,KCLT,KPWM,B738,14:58,false
JZA747,CYYZ,KCLT,CRJ9,14:58,false
N981FH,KFTY,KCLT,F2TH,14:58,false
AAL1443,KCLT,KBDL,B738,14:59,false
JIA5391,KCLT,KMEM,CRJ9,14:59,false
PDT5941,KCLT,KTRI,E145,15:00,false
AAL846,KBWI,KCLT,A319,15:01,false
AAL493,KJFK,KCLT,B738,15:02,false
AAL750,KCLT,KLAS,A321,15:02,false
PDT5988,KCLT,KSBY,E145,15:02,false
ASH6203,KCLT,KIAD,E75L,15:03,false
EJA453,KBWI,KCLT,E55P,15:03,false
AAL1665,KLAS,KCLT,A321,15:05,false
AAL1920,KCLT,KIAH,B738,15:05,false
N665T,KTEB,KCLT,C68A,15:05,false
PDT6047,KCAE,KCLT,E145,15:05,false
JIA5288,KCLT,KMHT,CRJ9,15:06,false
PDT6046,KCLT,KCAE,E145,15:07,false
JIA5606,KCLT,KHPN,CRJ7,15:08,false
PDT5795,KCLT,KMLI,E145,15:08,false
AAL1701,KCVG,KCLT,B738,15:09,false
JIA5265,KCLT,KLEX,CRJ9,15:09,false
AAL1891,KCLT,KGRR,A320,15:10,false
N200AA,KCLT,KSVH,C208,15:10,false
PDT5785,KGNV,KCLT,E145,15:10,false
AAL2001,KJAX,KCLT,B738,15:11,false
JIA5189,KCLT,KJAN,CRJ9,15:11,false
N658TC,KCLT,KTUL,E550,15:11,false
VTE3803,KMSL,KCLT,E135,15:11,false
AAL2082,KCLT,KMCO,A321,15:13,false
AAL2127,KMCO,KCLT,A321,15:14,false
PDT6051,KCLT,KCHA,E145,15:14,false
AAL2052,KMCI,KCLT,B738,15:15,false
PDT5823,KCLT,KILM,E145,15:15,false
PDT6112,KAVL,KCLT,E145,15:15,false
AAL1696,KDFW,KCLT,A321,15:17,false
EDV5046,KCLT,KLGA,CRJ9,15:17,false
AAL1709,KCLT,KDFW,A21N,15:18,false
AAL1819,KEWR,KCLT,B738,15:19,false
ENY3535,KCLT,KECP,E75L,15:19,false
EDV5049,KCLT,KJFK,CRJ9,15:20,false
PDT6131,KCLT,KGSP,E145,15:20,false
SKW6196,KBHM,KCLT,CRJ7,15:20,false
AAL793,KPHL,KCLT,A321,15:22,false
AAL2080,KCLT,KORD,B738,15:23,false
AAL2839,KCLT,KDCA,A319,15:23,false
AAL1942,KCLT,KLGA,B738,15:24,false
AAL2254,KORF,KCLT,B738,15:25,false
PDT5805,KGSP,KCLT,E145,15:25,false
PDT6113,KCLT,KFAY,E145,15:25,false
AAL2255,KORF,KCLT,A319,15:27,false
AAL2297,KMIA,KCLT,B738,15:28,false
PDT5797,KCLT,KGSO,E145,15:28,false
JIA5180,KHPN,KCLT,CRJ7,15:29,false
JIA5627,KCLT,KSRQ,CRJ9,15:31,false
AAL733,EGLL,KCLT,B772,15:32,false
AAL2046,KCLT,KMCI,B738,15:33,false
EJA309,KCLT,KPHF,E55P,15:33,false
GGW33,KCLT,KIAD,G280,15:33,false
AAL1688,KPHX,KCLT,A321,15:34,false
JIA5370,KCLT,KRIC,CRJ9,15:35,false
CNS2319,KLOU,KCLT,PC12,15:36,false
PDT5809,KILM,KCLT,E145,15:36,false
PDT6065,KCLT,KERI,E145,15:37,false
AAL1877,KFLL,KCLT,B738,15:38,false
LN274AH,KSGF,KCLT,PC24,15:38,false
PDT6067,KCLT,KEVV,E145,15:38,false
PDT6110,KAGS,KCLT,E145,15:38,false
AAL2681,KORD,KCLT,B738,15:40,false
AAL2907,KCLT,KORD,B738,15:40,false
N136MV,KCLT,KMMU,FA50,15:40,false
N33LC,KCHS,KCLT,GA5C,15:40,false
AAL2777,KCLT,KTPA,A321,15:41,false
JIA5564,KCLT,KPIA,CRJ9,15:41,false
AAL2295,KPIT,KCLT,A319,15:42,false
DAL2819,KCLT,KMSP,BCS1,15:42,false
ENY3560,KCLT,KARW,E75L,15:42,false
JIA5388,KSBN,KCLT,CRJ9,15:42,false
N6SM,KDJT,KCLT,B350,15:43,false
PDT6078,KCLT,KFWA,E145,15:43,false
JIA5024,KCLT,KABE,CRJ9,15:44,false
SWA914,KBWI,KCLT,B737,15:45,false
AAL2717,KSTL,KCLT,A319,15:46,false
JIA5604,KCLT,KPNS,CRJ9,15:46,false
AAL1616,KBUF,KCLT,B738,15:49,false
AAL2496,MBPV,KCLT,A321,15:51,false
PDT5844,KMOB,KCLT,E145,15:51,false
AAL748,KCLT,LEMD,B772,15:53,false
DAL1429,KDTW,KCLT,B712,15:53,false
ATN3358,KCVG,KCLT,B763,15:56,false
JIA5619,KCLT,KROA,CRJ9,15:56,false
N740AK,KCLT,KLIT,C25C,15:56,false
RPA5828,KLGA,KCLT,E75L,15:56,false
JIA5307,KCLT,KMSN,CRJ9,16:00,false
AAL1660,KCLT,KMCO,A321,16:01,false
AAL1960,KSFO,KCLT,A321,16:02,false
JZA748,KCLT,CYYZ,CRJ9,16:02,false
PDT6069,KEWN,KCLT,E145,16:02,false
ENY3562,KHXD,KCLT,E75L,16:04,false
JIA5383,KSAV,KCLT,CRJ9,16:04,false
ENY4146,KLIT,KCLT,E75L,16:06,false
LN279AH,KCHS,KCLT,PC24,16:06,false
AAL301,MWCR,KCLT,B738,16:07,false
PDT6119,KCLT,KSAV,E145,16:07,false
AAL1510,KCLT,KBNA,B738,16:10,false
AAL749,LEMD,KCLT,B772,16:10,false
JIA5148,KDAB,KCLT,CRJ9,16:10,false
AAL1706,KCLT,KCVG,B38M,16:11,false
EJA453,KCLT,KFLO,E55P,16:11,false
PDT5826,KLYH,KCLT,E145,16:12,false
SWA4343,KMDW,KCLT,B38M,16:12,false
JRT50,KBNA,KCLT,LJ45,16:13,false
N405T,KCLT,KTOC,C68A,16:14,false
AAL863,MUMZ,KCLT,A321,16:15,false
AAL2898,KGSO,KCLT,A320,16:16,false
N6SM,KCLT,KDJT,B350,16:16,false
JIA5118,KCHS,KCLT,CRJ9,16:17,false
AAL1999,KCLT,KJAX,A321,16:21,false
AAL2410,KCLT,KRIC,A320,16:21,false
PDT5868,KPHF,KCLT,E145,16:21,false
JIA5490,KDAY,KCLT,CRJ9,16:22,false
N362AH,KJQF,KCLT,EC35,16:23,false
AAL2424,KCLT,KROC,A319,16:25,false
AAL2836,KTPA,KCLT,A321,16:25,false
DAL2070,KSLC,KCLT,A21N,16:25,false
JIA5527,KCLT,KDCA,CRJ9,16:25,false
PDT6056,KCLT,KCHO,E145,16:25,false
SKW4827,KSHD,KCLT,CRJ7,16:25,false
VTE3091,KOWB,KCLT,CRJ2,16:26,false
PDT5807,KCLT,KHSV,E145,16:27,false
AAL536,KCLT,KORD,A321,16:28,false
DLH428,EDDM,KCLT,A359,16:29,false
PDT5831,KTYS,KCLT,E145,16:30,false
ASH6127,KIAH,KCLT,E75L,16:31,false
N940JF,KTCL,KCLT,C68A,16:31,false
AAL3280,KORD,KCLT,B38M,16:32,false
JIA5117,KCLT,KCMH,CRJ9,16:32,false
PDT6130,KCLT,KPGV,E145,16:33,false
AAL1419,KAUS,KCLT,A320,16:34,false
AAL1622,KCLT,KBWI,B738,16:35,false
AAL2338,KCLT,KPVD,B738,16:35,false
AAL2853,KTUL,KCLT,B738,16:36,false
FFT2452,KMCO,KCLT,A321,16:37,false
AAL2033,KLGA,KCLT,A320,16:39,false
AAL2815,KCLT,KDFW,A321,16:40,false
N265NX,KCSG,KCLT,PC12,16:40,false
RPA5837,KBOS,KCLT,E75L,16:40,false
JIA5444,KXNA,KCLT,CRJ9,16:41,false
PDT6070,KCLT,KEWN,E145,16:42,false
AAL1448,KBDL,KCLT,A321,16:43,false
JIA5443,KCLT,KXNA,CRJ7,16:43,false
JIA5571,KTVC,KCLT,CRJ9,16:43,false
PDT5806,KHSV,KCLT,E145,16:43,false
SKW6439,KCLT,KTYS,CRJ7,16:43,false
AAL784,KCLT,EDDM,B772,16:44,false
PDT5851,KCLT,KOAJ,E145,16:44,false
PDT5902,KCLT,KROA,E145,16:44,false
AAL2379,KCLT,KRDU,A321,16:46,false
PDT5858,KOAJ,KCLT,E145,16:46,false
AAL1722,KCLT,KLGA,B738,16:47,false
AAL2134,KMKE,KCLT,A319,16:47,false
JIA5350,CYUL,KCLT,CRJ9,16:48,false
JIA5339,KCLT,KORF,CRJ7,16:49,false
AAL2309,KPIT,KCLT,B38M,16:50,false
PDT5825,KCLT,KLYH,E145,16:50,false
PDT6046,KCAE,KCLT,E145,16:50,false
PDT5941,KTRI,KCLT,E145,16:51,false
AAL2030,KLAS,KCLT,A321,16:53,false
JIA5093,KBTV,KCLT,CRJ9,16:53,false
PDT6116,KCLT,KILM,E145,16:53,false
EJA530,KCLT,KHPN,C68A,16:54,false
JIA5579,KRAP,KCLT,CRJ9,16:54,false
AAL325,LGAV,KCLT,B772,16:55,false
N95PW,KPDK,KCLT,C550,16:55,false
JIA5030,KCLT,CYYZ,CRJ9,16:56,false
AAL1861,KCLT,KFLL,A321,16:57,false
AAL1552,KCLT,KBOS,A321,16:58,false
AAL704,KCLT,EDDF,B772,16:58,false
AAL1611,KBOS,KCLT,B738,16:59,false
AAL2212,KCLT,KFLO,A319,16:59,false
JIA5134,KCMH,KCLT,CRJ9,16:59,false
AAL1838,KCLT,KPHL,B738,17:00,false
AAL2731,KCLT,KSTL,B738,17:00,false
AAL2832,KTPA,KCLT,A321,17:00,false
PDT5979,KROA,KCLT,E145,17:00,false
AAL1763,KDSM,KCLT,A320,17:01,false
PDT6032,KCLT,KAVL,E145,17:02,false
AAL1614,KCLT,KBUF,B738,17:03,false
AAL3294,KCLT,KALB,A319,17:03,false
AAL1679,KCLT,KCLE,B738,17:04,false
AAL2759,KCLT,KSYR,A321,17:04,false
JIA5022,KDCA,KCLT,CRJ9,17:04,false
CNS2319,KCLT,KCHS,PC12,17:05,false
AAL3023,KJAC,KCLT,A319,17:06,false
PDT5797,KGSO,KCLT,E145,17:06,false
PDT5939,KCLT,KTRI,E145,17:06,false
AAL1486,KBNA,KCLT,A321,17:08,false
JIA5075,KBHM,KCLT,CRJ7,17:08,false
N362AH,KCLT,KJQF,EC35,17:08,false
AAL1779,KCLT,KPHX,A321,17:09,false
N69NL,KIAD,KCLT,PC12,17:09,false
VTE3418,KCLT,KPKB,E135,17:09,false
AAL2098,KMCO,KCLT,A321,17:10,false
JIA5094,KCLT,KBTV,CRJ9,17:10,false
JIA5407,KCLT,KSGF,CRJ9,17:11,false
N265CM,KCLT,KORD,C560,17:11,false
AAL2100,KCLT,KMCO,A321,17:12,false
PDT6113,KFAY,KCLT,E145,17:13,false
AAL2402,KRDU,KCLT,A321,17:15,false
NO_CALLSIGN,KCHS,KCLT,C17,17:15,false
VTE3936,KCLT,KAOO,E135,17:15,false
N275LX,KPDK,KCLT,C25B,17:16,false
PDT6018,KCLT,KAGS,E145,17:16,false
AAL2203,KCLT,KMSY,A320,17:17,false
SWA914,KCLT,KBNA,B737,17:17,false
AAL2270,KCLT,KDJT,A321,17:18,false
AAL2442,KCLT,KRSW,B738,17:18,false
FFT4353,KPHL,KCLT,A321,17:18,false
JIA5306,KMSN,KCLT,CRJ9,17:18,false
JIA5672,KCLT,KCHS,CRJ9,17:19,false
AAL2225,KOMA,KCLT,B738,17:20,false
SKW5757,KORD,KCLT,E75L,17:20,false
PDT6128,KCHO,KCLT,E145,17:21,false
AAL2671,KVPS,KCLT,A320,17:22,false
AAL9780,KCLT,KVQQ,A321,17:23,false
RPA3533,KEWR,KCLT,E75L,17:23,false
PDT5823,KILM,KCLT,E145,17:24,false
PDT6051,KCHA,KCLT,E145,17:25,false
PDT6118,KCLT,KGPT,E145,17:25,false
ENY3633,KCLT,KLIT,E75L,17:26,false
PDT5845,KCLT,KMOB,E145,17:26,false
AAL1939,KCLT,KIND,B738,17:27,false
AAL1950,KIND,KCLT,A320,17:28,false
AAL2231,KCLT,KMIA,B738,17:28,false
AAL2348,KPWM,KCLT,A320,17:28,false
AAL3263,KCLT,KDCA,A319,17:28,false
PDT6052,KCLT,KCHA,E145,17:29,false
JIA5397,KSDF,KCLT,CRJ9,17:31,false
PDT5932,KTLH,KCLT,E145,17:32,false
JIA5082,KCLT,KDAY,CRJ7,17:33,false
SWA1173,KCLT,KSTL,B38M,17:35,false
FFT3075,KBWI,KCLT,A20N,17:36,false
AAL1681,KCLE,KCLT,B738,17:38,false
N95PW,KCLT,KLOU,C550,17:38,false
N902FH,KBNA,KCLT,C56X,17:39,false
PDT5875,KCLT,KCAE,E145,17:41,false
DAL31,EGLL,KCLT,B764,17:42,false
PDT5989,KCLT,KMDT,E145,17:43,false
AAL2444,KRSW,KCLT,A321,17:44,false
ASH4020,KCLT,KIAH,E75L,17:44,false
N317GS,KCHS,KCLT,LJ45,17:45,false
FFT1362,KDEN,KCLT,A321,17:46,false
JIA5269,KCLT,KMEM,CRJ9,17:46,false
AAL985,KMIA,KCLT,B738,17:49,false
AAL1991,KCLT,KJAX,A320,17:54,false
PDT5927,KCLT,KTLH,E145,17:54,false
UAL1633,KDEN,KCLT,A320,17:57,false
AAL1875,KFLL,KCLT,B738,17:59,false
DAL974,KLGA,KCLT,A321,17:59,false
JIA5298,KCLT,KMLB,CRJ9,17:59,false
PDT5988,KSBY,KCLT,E145,17:59,false
N405T,KGKT,KCLT,C68A,18:01,false
AAL1031,KCLT,KLAS,A321,18:02,false
PDT5839,KMGM,KCLT,E145,18:02,false
AAL1895,KCLT,KGSO,A320,18:04,false
AAL786,KCLT,LFPG,B772,18:04,false
JIA5370,KRIC,KCLT,CRJ9,18:04,false
JIA5649,KCLT,KECP,CRJ9,18:05,false
AAL1294,KJFK,KCLT,B738,18:06,false
AAL1699,MBPV,KCLT,A321,18:07,false
AAL2170,KMSY,KCLT,A21N,18:08,false
UPS2274,KRFD,KCLT,A306,18:10,true
JIA5203,KCLT,KGSP,CRJ7,18:11,false
AAL2784,KTPA,KCLT,A321,18:12,false
JIA5150,KCLT,KDAB,CRJ9,18:12,false
AAL2409,KCLT,KDFW,A321,18:13,false
AAL1060,KCLT,KLGA,B738,18:14,false
AAL2116,KMEM,KCLT,A320,18:14,false
PDT5811,KCLT,KHSV,E145,18:15,false
EJA588,KAHN,KCLT,C56X,18:16,false
ENY3422,KCLT,KGSP,E75L,18:17,false
JIA5040,KCLT,KATL,CRJ9,18:17,false
JIA5619,KROA,KCLT,CRJ9,18:17,false
AAL2412,KCLT,KRIC,B738,18:19,false
JIA5212,KCLT,KBTR,CRJ9,18:19,false
N902FH,KCLT,KRDU,C56X,18:19,false
FFT3134,KCLT,KLGA,A321,18:21,false
RPA5828,KCLT,KLGA,E75L,18:21,false
AAL2602,KSLC,KCLT,A321,18:22,false
DAL2070,KCLT,KSLC,A21N,18:25,false
PDT5899,KCLT,KROA,E145,18:25,false
ATN3373,KCLT,KILN,B763,18:27,false
AAL344,KDFW,KCLT,A321,18:28,false
PDT5867,KCLT,KPHF,E145,18:30,false
EJA990,KFOK,KCLT,C68A,18:32,false
JIA5391,KMEM,KCLT,CRJ9,18:32,false
AAL1274,KPHX,KCLT,A321,18:34,false
AAL2525,KSEA,KCLT,A321,18:37,false
AAL1526,KBNA,KCLT,B738,18:38,false
AAL1919,KIAH,KCLT,A321,18:47,false
ENY3535,KECP,KCLT,E75L,18:48,false
PDT6032,KAVL,KCLT,E145,18:51,false
DAL2821,KMSP,KCLT,A319,18:54,false
PDT6116,KILM,KCLT,E145,18:54,false
AAL3152,KPHL,KCLT,B738,18:56,false
PDT6119,KSAV,KCLT,E145,18:56,false
UPS5282,KSDF,KCLT,A306,19:00,true
AAL1794,KCLT,KDTW,A319,19:05,false
PDT5102,KCLT,KGNV,E145,19:09,false
PDT5825,KLYH,KCLT,E145,19:09,false
AAL358,KCLT,KSNA,B38M,19:10,false
AAL1758,KDEN,KCLT,A321,19:11,false
AAL2533,KCLT,KGGE,A319,19:11,false
AAL3120,KJFK,KCLT,A319,19:11,false
AAL1071,KCLT,KEWR,B38M,19:12,false
AAL2962,KAVP,KCLT,A320,19:12,false
PDT6049,KCLT,KCHA,E145,19:12,false
AAL1225,KPHX,KCLT,A21N,19:13,false
EJA588,KCLT,KMDW,C56X,19:14,false
FWR98,KHEF,KCLT,E55P,19:14,false
AAL2953,KCLT,KIAD,A320,19:16,false
PDT6065,KERI,KCLT,E145,19:16,false
JIA5016,KCLT,KHPN,CRJ7,19:23,false
AAL2410,KRIC,KCLT,A320,19:27,false
AAL2911,KCVG,KCLT,B38M,19:34,false
JIA5189,KJAN,KCLT,CRJ9,19:37,false
AAL2318,KPVD,KCLT,B738,19:38,false
AAL3153,KBZN,KCLT,B38M,19:39,false
AAL1320,KLGA,KCLT,B738,19:41,false
JIA5117,KCMH,KCLT,CRJ9,19:41,false
AAL400,KMIA,KCLT,B738,19:43,false
JIA5343,KPIA,KCLT,CRJ9,19:44,false
AAL1891,KGRR,KCLT,A320,19:47,false
AAL2174,KMSY,KCLT,A319,19:48,false
AAL3064,KCLT,KPDX,A321,19:53,false
FFT3133,KLGA,KCLT,A20N,20:01,false
SWA478,KBNA,KCLT,B737,20:03,false
AAL1573,KBOS,KCLT,B738,20:05,false
AAL2407,KDFW,KCLT,A321,20:05,false
AAL783,TJSJ,KCLT,A321,20:06,false
AAL2379,KRDU,KCLT,A321,20:12,false
ATN3322,KSBD,KCLT,B763,20:15,false
AAL9781,KVQQ,KCLT,A321,20:18,false
AAL1683,KORD,KCLT,B738,20:23,false
N464T,KIAD,KCLT,C68A,20:30,false
EDV5067,KJFK,KCLT,CRJ9,20:31,false
JIA5070,KHPN,KCLT,CRJ7,20:33,false
JIA5307,KMSN,KCLT,CRJ9,20:36,false
AAL2424,KROC,KCLT,A319,20:37,false
JIA5265,KLEX,KCLT,CRJ9,20:38,false
UAL1149,KEWR,KCLT,B38M,20:38,false
AAL2082,KMCO,KCLT,A321,20:39,false
AAL2046,KMCI,KCLT,B738,20:40,false
AAL1443,KBDL,KCLT,B738,20:42,false
JZA749,CYYZ,KCLT,CRJ9,20:42,false
AAL1679,KCLE,KCLT,B738,20:44,false
AAL1942,KLGA,KCLT,B738,20:46,false
N590BA,KBED,KCLT,GA5C,20:53,false
DLH4W,KCLT,EDDM,A359,20:59,false
AAL2686,KCLT,KSTL,B738,21:08,false
N704FC,KAUS,KCLT,C68A,21:09,false
AAL1497,KCLT,KBNA,A320,21:11,false
AAL1920,KIAH,KCLT,B738,21:11,false
AAL2352,KPWM,KCLT,B738,21:13,false
JIA5389,KCLT,KSBN,CRJ9,21:14,false
AAL2556,KCLT,KSFO,A321,21:15,false
AAL1614,KBUF,KCLT,B738,21:17,false
JIA5566,KCLT,KJAN,CRJ9,21:18,false
FFT2369,KCLT,KDEN,A321,21:20,false
JIA5030,CYYZ,KCLT,CRJ9,21:22,false
RPA5818,KLGA,KCLT,E170,21:22,false
SKW4718,KCLT,KORD,E75L,21:22,false
AAL3131,KMIA,KCLT,B738,21:23,false
FFT1983,KCLT,KFLL,A321,21:25,false
AAL2595,KCLT,KBOS,B738,21:26,false
AAL2935,KCLT,KIAH,B738,21:27,false
SWA4299,KDAL,KCLT,B738,21:34,false
EJA990,KCLT,KJAX,C68A,21:38,false
FFT3699,KCLT,KMIA,A20N,21:38,false
N5YD,KBXA,KCLT,C25A,21:39,false
AAL2338,KPVD,KCLT,B738,21:40,false
AAL2038,KLAS,KCLT,A321,21:42,false
JIA5094,KBTV,KCLT,CRJ9,21:48,false
LN274AH,KCLT,KLUK,PC24,21:48,false
PDT6043,KCLT,KCAE,E145,21:53,false
PDT5940,KCLT,KTRI,E145,22:04,false
AAL1698,KCLT,KDFW,A321,22:07,false
JIA5161,KCLT,KSDF,CRJ9,22:08,false
AAL488,KCLT,KMIA,B772,22:09,false
LN279AH,KCLT,KECG,PC24,22:12,false
AAL2120,KCLT,KPWM,B738,22:17,false
SWA478,KCLT,KBWI,B737,22:18,false
DAL974,KCLT,KATL,A321,22:19,false
PDT5970,KCLT,KMOB,E145,22:21,false
AAL3146,KCLT,KCLE,B738,22:24,false
JRT50,KCLT,KBNA,LJ45,22:25,false
PDT5827,KCLT,KAVL,E145,22:25,false
AAL2094,KCLT,KSRQ,A320,22:27,false
ENY3560,KCAE,KCLT,E75L,22:27,false
AAL720,KCLT,LIRF,B772,22:28,false
ENY3692,KCLT,KLIT,E75L,22:28,false
RPA5837,KCLT,KBOS,E75L,22:29,false
AAL3087,KCLT,KIND,A321,22:32,false
PDT5860,KCLT,KSBY,E145,22:34,false
PDT5961,KCLT,KFWA,E145,22:35,false
AAL596,KCLT,KLAS,A21N,22:36,false
AAL730,KCLT,EGLL,B77W,22:37,false
EJA616,KGSO,KCLT,C68A,22:38,false
AAL2151,KCLT,KMSP,A319,22:40,false
AAL657,KCLT,KJFK,A319,22:40,false
ENY4017,KCLT,KSGF,E75L,22:44,false
PDT6055,KCLT,KCHO,E145,22:44,false
AAL9786,KCLT,KPIT,A320,22:46,false
AAL1887,KCLT,KCID,A319,22:47,false
AAL3155,KCLT,KROC,A320,22:47,false
JIA5382,KCLT,KSAV,CRJ9,22:48,false
AAL1905,KCLT,KAUS,A321,22:50,false
UAL616,KDEN,KCLT,A320,22:51,false
AAL2068,KCLT,KLGA,A319,22:52,false
AAL3123,KCLT,KFLO,B738,22:52,false
DAL3158,KATL,KCLT,A319,22:53,false
JIA5429,KCLT,KPNS,CRJ9,22:57,false
FDX1243,KCLT,KMEM,B763,22:59,true
JIA5206,KCLT,KLFT,CRJ9,22:59,false
FFT2451,KCLT,KMCO,A20N,23:02,false
JIA5622,KCLT,KORF,CRJ9,23:03,false
N275LX,KCLT,KPDK,C25B,23:04,false
FDX1635,KCLT,KIND,B763,23:06,true
SWA915,KBWI,KCLT,B737,23:07,false
AAL2386,KCLT,KDCA,A320,23:09,false
DAL2352,KDTW,KCLT,B712,23:09,false
JIA5451,KCLT,KPIA,CRJ9,23:10,false
SWA4194,KMDW,KCLT,B38M,23:10,false
N235LJ,KCLT,KBOS,LJ35,23:14,false
UAL1748,KORD,KCLT,B738,23:14,false
AAL2441,KCLT,KSAT,B738,23:17,false
N265CM,KORD,KCLT,C560,23:18,false
AAL936,KCLT,KPHX,A21N,23:19,false
AAL2169,KCLT,KBDL,B738,23:20,false
AAL2611,KCLT,KSLC,A321,23:22,false
ASH6209,KRDU,KCLT,E75L,23:22,false
SWA1168,KCLT,KBNA,B738,23:22,false
SWA4937,KSTL,KCLT,B737,23:24,false
RPA3468,KCLT,KEWR,E75L,23:29,false
AAL1703,KGSP,KCLT,A21N,23:33,false
UPS1283,KCLT,KPHL,A306,23:33,true
DAL720,KATL,KCLT,B712,23:35,false
DAL2132,KCLT,KATL,A319,23:36,false
ENY4054,KCLT,KGSO,E75L,23:39,false
RPA5807,KBOS,KCLT,E75L,23:41,false
JIA5539,KCLT,KBTR,CRJ9,23:42,false
DAL3139,KATL,KCLT,B712,23:43,false
FFT3110,KDFW,KCLT,A20N,23:45,false
JIA5142,KCLT,KLEX,CRJ9,23:46,false
AAL627,KCLT,KORD,B738,23:51,false
DAL2929,KMSP,KCLT,BCS1,23:52,false
JIA5217,KCLT,KMDT,CRJ9,23:53,false
