{
  "airports": {
    "KABE": {
      "approaches": {
        "I13": {
          "full_name": "ILS 13",
          "runway": "13",
          "type": "ILS",
          "waypoints": [
            "ETX HASIS/a3000/hilpt CAVRU/a2700 MOOVY/a2400 IZKIP/a1260 _ABE31/a380"
          ]
        },
        "I24": {
          "full_name": "ILS 24",
          "runway": "24",
          "type": "ILS",
          "waypoints": [
            "STW/nopt MUDRE/a3000/hilpt MUSYK/a2400 NENTE/a1380 _ABE6/a380"
          ]
        },
        "I6": {
          "full_name": "ILS 6",
          "runway": "6",
          "type": "ILS",
          "waypoints": [
            "ETX JISTO/a3000/hilpt SHAGY/a2400 _ABE24/a380"
          ]
        },
        "R13": {
          "full_name": "RNAV 13",
          "runway": "13",
          "type": "RNAV",
          "waypoints": [
            "BEERS TIKLE LOCID/a3000 MOOVY/a2400 IZKIP/a1260 _ABE31/a380",
            "ROCOY TIKLE LOCID/a3000 MOOVY/a2400 IZKIP/a1260 _ABE31/a380",
            "DUMMR JAREV LOCID/a3000 MOOVY/a2400 IZKIP/a1260 _ABE31/a380"
          ]
        },
        "R31": {
          "full_name": "RNAV 31",
          "runway": "31",
          "type": "RNAV",
          "waypoints": [
            "ARD BURAY/a3000 BEHEM/a2400 ASOMY/a1540 _ABE13/a380",
            "BEERS FINRA BURAY/a3000 BEHEM/a2400 ASOMY/a1540 _ABE13/a380",
            "FONUP FINRA BURAY/a3000 BEHEM/a2400 ASOMY/a1540 _ABE13/a380"
          ]
        },
        "R6": {
          "full_name": "RNAV 6",
          "runway": "6",
          "type": "RNAV",
          "waypoints": [
            "BEERS SAYOV JISTO/a3000 SHAGY/a2400 GEBLE/a1400 _ABE24/a380",
            "DUMMR SAYOV JISTO/a3000 SHAGY/a2400 GEBLE/a1400 _ABE24/a380",
            "ARD HADAD JISTO/a3000 SHAGY/a2400 GEBLE/a1400 _ABE24/a380"
          ]
        }
      },
      "departure_routes": {
        "24": {
          "FJC,SAX,ARD,RBV,PTW,ETX": {
            "cleared_altitude": 3000,
            "route": "",
            "waypoints": "_ABE6 _ABE24/h240"
          }
        },
        "6": {
          "FJC,SAX,ARD,RBV,PTW,ETX": {
            "cleared_altitude": 3000,
            "route": "",
            "waypoints": "_ABE24 _ABE6/h060"
          }
        }
      },
      "departures": [
        {
          "airlines": [
            {
              "icao": "AAY"
            }
          ],
          "altitude": 38000,
          "destination": "KPIE",
          "exit": "ETX",
          "route": "ETX LRP EMI GVE Q75 TEUFL BAAMF DADES1"
        },
        {
          "airlines": [
            {
              "icao": "ATN"
            }
          ],
          "altitude": 34000,
          "destination": "KILN",
          "exit": "ETX",
          "route": "ETX V30 PSB APE LIMPS"
        },
        {
          "airlines": [
            {
              "icao": "JBU"
            }
          ],
          "altitude": 38000,
          "destination": "KMCO",
          "exit": "ETX",
          "route": "ETX LRP EMI CHS JAWSS OMN BITHO7"
        },
        {
          "airlines": [
            {
              "icao": "SKW"
            }
          ],
          "altitude": 38000,
          "destination": "KORD",
          "exit": "ETX",
          "route": "ETX RAV Q62 WATSN WATSN4"
        },
        {
          "airlines": [
            {
              "icao": "JIA"
            }
          ],
          "altitude": 38000,
          "destination": "KCLT",
          "exit": "ETX",
          "route": "ETX LRP EMI J48 MOL LYH CHSLY5"
        },
        {
          "airlines": [
            {
              "icao": "JBU"
            }
          ],
          "altitude": 39000,
          "destination": "KBOS",
          "exit": "FJC",
          "route": "FJC T221 LAAYK HNK PONCT JFUND2"
        },
        {
          "airlines": [
            {
              "fleet": "fastGA",
              "icao": "N"
            }
          ],
          "altitude": 5000,
          "destination": "KJFK",
          "exit": "FJC",
          "route": "FJC V6 SBJ V232 COL"
        },
        {
          "airlines": [
            {
              "fleet": "fastGA",
              "icao": "N"
            }
          ],
          "destination": "KPHL",
          "altitude": 5000,
          "exit": "PTW",
          "route": "BUSKY PTW PHL"
        },
        {
          "airlines": [
            {
              "fleet": "fastGA",
              "icao": "N"
            }
          ],
          "altitude": 5000,
          "destination": "KPNE",
          "exit": "FJC",
          "route": "FJC ARD PNE"
        },
        {
          "airlines": [
            {
              "fleet": "fastGA",
              "icao": "N"
            }
          ],
          "altitude": 5000,
          "destination": "KTEB",
          "exit": "FJC",
          "route": "FJC STW TEB"
        },
        {
          "airlines": [
            {
              "icao": "SKW"
            }
          ],
          "destination": "KDCA",
          "altitude": 14000,
          "exit": "PTW",
          "route": "PTW MXE BAL DCA"
        },
        {
          "airlines": [
            {
              "icao": "JIA"
            }
          ],
          "altitude": 14000,
          "destination": "KBWI",
          "exit": "PTW",
          "route": "PTW MXE BAL DCA"
        },
        {
          "airlines": [
            {
              "icao": "SKW"
            }
          ],
          "altitude": 7000,
          "destination": "KCDW",
          "exit": "SAX",
          "route": "SAX CDW"
        },
        {
          "airlines": [
            {
              "icao": "SKW"
            }
          ],
          "altitude": 6000,
          "destination": "KMDT",
          "exit": "ETX",
          "route": "ETX V162 HWANG"
        },
        {
          "airlines": [
            {
              "icao": "LXJ"
            }
          ],
          "altitude": 8000,
          "destination": "KAVP",
          "exit": "FJC",
          "route": "FJC T221 RITTY"
        }
      ],
      "exit_categories": {
        "ARD": "Southeast",
        "ETX": "West",
        "FJC": "North",
        "PTW": "South",
        "RBV": "Southeast",
        "SAX": "Northeast"
      },
      "location": "KABE",
      "tower_list": 1
    }
  },
  "arrival_groups": {
    "EWR": [
      {
        "airlines": {
          "KABE": [
            {
              "airport": "KLDJ",
              "icao": "DPJ"
            }
          ]
        },
        "cleared_altitude": 6000,
        "cruise_altitude": 10000,
        "initial_altitude": 6000,
        "initial_controller": "EWR_APP",
        "initial_speed": 250,
        "route": "/. FJC",
        "waypoints": "N040.34.21.392,W074.40.37.976 N040.35.20.320,W074.49.09.252/ho FJC"
      },
      {
        "airlines": {
          "KABE": [
            {
              "airport": "KCDW",
              "fleet": "fastGA",
              "icao": "N"
            }
          ]
        },
        "cleared_altitude": 4000,
        "cruise_altitude": 8000,
        "initial_altitude": 4000,
        "initial_controller": "EWR_APP",
        "initial_speed": 250,
        "route": "/. FJC",
        "waypoints": "N040.48.51.729,W074.41.06.897 BWZ/ho FJC"
      },
      {
        "airlines": {
          "KABE": [
            {
              "airport": "KHVN",
              "icao": "JIA"
            }
          ]
        },
        "cleared_altitude": 4000,
        "cruise_altitude": 18000,
        "initial_altitude": 4000,
        "initial_controller": "EWR_APP",
        "initial_speed": 250,
        "route": "/. FJC",
        "waypoints": "HUO N041.20.10.803,W074.41.14.423/ho N041.03.09.610,W075.02.14.170 FJC"
      }
    ],
    "MDT/RDG": [
      {
        "airlines": {
          "KABE": [
            {
              "airport": "KMDT",
              "fleet": "fastGA",
              "icao": "N"
            }
          ]
        },
        "cleared_altitude": 7000,
        "cruise_altitude": 9000,
        "initial_altitude": 7000,
        "initial_controller": "MDT_APP",
        "initial_speed": 250,
        "route": "/. KRAZE FJC",
        "runway_waypoints": {
          "24": "FLOAT FJC",
          "6": "FLOAT ETX"
        },
        "waypoints": "N040.13.18.884,W076.09.35.958 BOYER/ho FLOAT"
      },
      {
        "airlines": {
          "KABE": [
            {
              "airport": "KRDG",
              "fleet": "fastGA",
              "icao": "N"
            }
          ]
        },
        "cleared_altitude": 4000,
        "cruise_altitude": 4000,
        "initial_altitude": 300,
        "initial_controller": "MDT_APP",
        "initial_speed": 250,
        "route": "/. ETX",
        "waypoints": "KRDG N040.23.52.301,W075.55.26.797/ho ETX"
      }
    ],
    "PHL": [
      {
        "airlines": {
          "KABE": [
            {
              "airport": "KPHL",
              "icao": "LXJ"
            },
            {
              "airport": "KTTN",
              "icao": "DPJ"
            },
            {
              "airport": "KTTN",
              "fleet": "fastGA",
              "icao": "N"
            }
          ]
        },
        "cleared_altitude": 4000,
        "cruise_altitude": 4000,
        "initial_altitude": 4000,
        "initial_controller": "PHL_NA_APP",
        "initial_speed": 250,
        "route": "/. FJC",
        "waypoints": "N040.13.33.015,W075.17.45.151 N040.20.16.955,W075.20.02.838/ho FJC"
      }
    ],
    "ZNY Northwest": [
      {
        "airlines": {
          "KABE": [
            {
              "airport": "KBUF",
              "icao": "JIA"
            },
            {
              "airport": "KDTW",
              "icao": "ATN"
            },
            {
              "airport": "KORD",
              "icao": "SKW"
            }
          ]
        },
        "cleared_altitude": 9000,
        "cruise_altitude": 27000,
        "initial_altitude": 10000,
        "initial_controller": "NY_CTR",
        "initial_speed": 250,
        "route": "/. KRAZE",
        "runway_waypoints": {
          "24": "KRAZE FJC",
          "6": "KRAZE ETX"
        },
        "waypoints": "MARRC N040.53.30.177,W076.08.25.233/ho KRAZE"
      },
      {
        "airlines": {
          "KABE": [
            {
              "airport": "KPIT",
              "icao": "LXJ"
            },
            {
              "airport": "KIND",
              "icao": "FFT"
            },
            {
              "airport": "KCMH",
              "icao": "JIA"
            }
          ]
        },
        "cleared_altitude": 9000,
        "cruise_altitude": 33000,
        "initial_altitude": 10000,
        "initial_controller": "NY_CTR",
        "initial_speed": 250,
        "route": "/. SLATT",
        "runway_waypoints": {
          "24": "SLATT FJC",
          "6": "SLATT ETX"
        },
        "waypoints": "N040.45.40.100,W076.28.27.028 N040.45.12.359,W076.18.36.760/ho SNOWY SLATT"
      },
      {
        "airlines": {
          "KABE": [
            {
              "airport": "KSYR",
              "icao": "DPJ"
            },
            {
              "airport": "CYOW",
              "fleet": "short",
              "icao": "ACA"
            },
            {
              "airport": "KALB",
              "icao": "LXJ"
            }
          ]
        },
        "cleared_altitude": 9000,
        "cruise_altitude": 22000,
        "initial_altitude": 10000,
        "initial_controller": "NY_CTR",
        "initial_speed": 250,
        "route": "/. SLATT",
        "runway_waypoints": {
          "24": "SLATT FJC",
          "6": "SLATT ETX"
        },
        "waypoints": "N041.09.29.229,W075.41.57.572 WHITT/ho SLATT"
      }
    ],
    "ZNY Southwest": [
      {
        "airlines": {
          "KABE": [
            {
              "airport": "KLEX",
              "icao": "SKW"
            },
            {
              "airport": "KBNA",
              "icao": "AAY"
            }
          ]
        },
        "cleared_altitude": 9000,
        "cruise_altitude": 35000,
        "initial_altitude": 10000,
        "initial_controller": "NY_CTR",
        "initial_speed": 250,
        "route": "/. DUMMR",
        "runway_waypoints": {
          "24": "DUMMR FJC",
          "6": "DUMMR ETX"
        },
        "waypoints": "N040.20.24.385,W076.33.17.726 HWANG/ho DUMMR"
      },
      {
        "airlines": {
          "KABE": [
            {
              "airport": "KORF",
              "icao": "LXJ"
            },
            {
              "airport": "KACY",
              "fleet": "short",
              "icao": "FDX"
            },
            {
              "airport": "KBWI",
              "icao": "SKW"
            }
          ]
        },
        "cleared_altitude": 9000,
        "cruise_altitude": 12000,
        "initial_altitude": 10000,
        "initial_controller": "NY_CTR",
        "initial_speed": 250,
        "route": "/. DUMMR",
        "runway_waypoints": {
          "24": "DUMMR FJC",
          "6": "DUMMR ETX"
        },
        "waypoints": "N040.13.06.016,W076.13.47.957 N040.15.40.223,W076.12.25.120/ho DUMMR"
      }
    ]
  },
  "center": "KABE",
  "control_positions": {
    "ABE_APP": {
      "frequency": 119650,
      "full_name": "Allentown approach",
      "scope_char": "F",
      "sector_id": "SF"
    },
    "ABE_TWR": {
      "frequency": 120500,
      "full_name": "Lehigh Valley tower",
      "scope_char": "T",
      "sector_id": "AL"
    },
    "AVP_APP": {
      "frequency": 126300,
      "full_name": "Wilkes Barre approach",
      "scope_char": "B",
      "sector_id": "WB"
    },
    "EWR_APP": {
      "frequency": 128550,
      "full_name": "New York approach",
      "scope_char": "P",
      "sector_id": "4P"
    },
    "MDT_APP": {
      "frequency": 126450,
      "full_name": "Harrisburg approach",
      "scope_char": "S",
      "sector_id": "HS"
    },
    "NY_CTR": {
      "frequency": 125325,
      "full_name": "New York center",
      "scope_char": "C",
      "sector_id": "N56"
    },
    "PHL_NA_APP": {
      "frequency": 128400,
      "full_name": "Philly approach",
      "scope_char": "N",
      "sector_id": "6N"
    }
  },
  "default_scenario": "KABE Depart 6 Land 6",
  "fixes": {
    "_ABE13": "N040.38.47.604,W075.25.56.652",
    "_ABE24": "N040.38.48.717,W075.27.00.758",
    "_ABE31": "N040.39.17.391,W075.26.57.324",
    "_ABE6": "N040.39.34.612,W075.25.46.517"
  },
  "inhibit_ca_volumes": [
      {
          "name": "ABE NO CA",
          "type": "circle",
          "floor": 0,
          "ceiling": 1200,
          "radius": 7,
          "center": "40.65236,-75.4404"
      }
  ],
  "magnetic_variation": 13.3,
  "name": "KABE",
  "nm_per_latitude": 60,
  "nm_per_longitude": 45,
  "primary_airport": "KABE",
  "radar_sites": {
    "ABE": {
      "char": "A",
      "position": "40.673611,-75.453333",
      "elevation": 413,
      "primary_range": 60,
      "secondary_range": 120,
      "silence_angle": 30,
      "slope_angle": 0.3
    },
    "NXX": {
      "char": "N",
      "position": "40.19980, -75.14820",
      "elevation": 408,
      "primary_range": 60,
      "secondary_range": 120,
      "silence_angle": 50.4,
      "slope_angle": 0.175
    }
  },
  "reporting_points": [
      "BWZ",
      "DUMMR",
      "ETX",
      "FJC",
      "FLOAT",
      "HUO",
      "KRAZE",
      "SLATT",
      "SNOWY"
  ],
  "scenarios": {
    "KABE Depart 24 Land 24": {
      "arrival_runways": [
        {
          "airport": "KABE",
          "runway": "24"
        }
      ],
      "arrivals": {
        "EWR": {
          "KABE": 3
        },
        "MDT/RDG": {
          "KABE": 3
        },
        "PHL": {
          "KABE": 4
        },
        "ZNY Northwest": {
          "KABE": 14
        },
        "ZNY Southwest": {
          "KABE": 14
        }
      },
      "solo_controller": "ABE_APP",
      "controllers": [
        "ABE_TWR",
        "ABE_APP",
        "PHL_NA_APP",
        "EWR_APP",
        "AVP_APP",
        "MDT_APP",
        "NY_CTR"
      ],
      "default_map": "Allentown TRACON Video Map",
      "departure_runways": [
        {
          "airport": "KABE",
          "rate": 30,
          "runway": "24"
        }
      ],
      "wind": {
        "direction": 220,
        "gust": 10,
        "speed": 18
      }
    },
    "KABE Depart 6 Land 6": {
      "arrival_runways": [
        {
          "airport": "KABE",
          "runway": "6"
        }
      ],
      "arrivals": {
        "EWR": {
          "KABE": 3
        },
        "MDT/RDG": {
          "KABE": 3
        },
        "PHL": {
          "KABE": 4
        },
        "ZNY Northwest": {
          "KABE": 14
        },
        "ZNY Southwest": {
          "KABE": 14
        }
      },
      "solo_controller": "ABE_APP",
      "controllers": [
        "ABE_TWR",
        "ABE_APP",
        "PHL_NA_APP",
        "EWR_APP",
        "AVP_APP",
        "MDT_APP",
        "NY_CTR"
      ],
      "default_map": "Allentown TRACON Video Map",
      "departure_runways": [
        {
          "airport": "KABE",
          "rate": 30,
          "runway": "6"
        }
      ],
      "wind": {
        "direction": 80,
        "speed": 14
      }
    }
  },
  "scratchpads": {
    "ARD": "ARD",
    "ETX": "ETX",
    "FJC": "FJC",
    "PTW": "PTW",
    "RBV": "RBV",
    "SAX": "SAX"
  },
  "stars_maps": [
    {
      "group": 0,
      "label": "ABE",
      "name": "Allentown TRACON Video Map"
    },
    {
      "group": 1,
      "label": "ABE MVA",
      "name": "ABE MVA"
    }
  ],
  "video_map_file": "videomaps/abe-maps.json.zst"
}
