{
  "airports": {
    "KEWR": {
      "approaches": {
        "I11": {
          "full_name": "ILS 11",
          "runway": "11",
          "type": "ILS",
          "waypoints": [
            "JARIT/a1600 JEENO/a1600 _EWR_11"
          ]
        },
        "I2L": {
          "full_name": "ILS 22 Left",
          "runway": "22L",
          "type": "ILS",
          "waypoints": [
            "PATRN IZEKO/a3000 GIMEE/a2500 BUZZD/a1500 _EWR_22L/a50"
          ]
        },
        "I2R": {
          "full_name": "ILS 22 Right",
          "runway": "22R",
          "type": "ILS",
          "waypoints": [
            "PATRN AGNSS/a3000 VERDE/a2500 TALTE/a1500 _EWR_22R/a50"
          ]
        },
        "I4L": {
          "full_name": "ILS 4 Left",
          "runway": "4L",
          "type": "ILS",
          "waypoints": [
            "KILMA EMBAY/a2800 HOWYA/a2000 _EWR_4L/a50"
          ]
        },
        "I4R": {
          "full_name": "ILS 4 Right",
          "runway": "4R",
          "type": "ILS",
          "waypoints": [
            "KILMA GRITY/a2800 DOOIN/a1700 _EWR_4R/a50"
          ]
        },
        "R29": {
          "full_name": "RNAV X 29",
          "runway": "29",
          "type": "RNAV",
          "waypoints": [
            "FLIKR CASHH ZIAAA PIJAY UJODY/a2000 STATU/a1400 ISERE _EWR_29/a50"
          ]
        },
        "RY9": {
          "full_name": "RNAV Y 29",
          "runway": "29",
          "type": "RNAV",
          "waypoints": [
            "TETER/a3000 GIMEE/a2500 JIMLO/a2500 COPKO _EWR_29/a50"
          ]
        },
        "RZ9": {
          "full_name": "RNAV Z 29",
          "runway": "29",
          "type": "RNAV",
          "waypoints": [
            "KILMA GRITY/a3000 COWWE/a3000 NNICK/a3000 CORTO/a2327 GOLSN/a2000 HALPA/a823 _EWR_29/a50"
          ]
        }
      },
        "approach_regions": {
            "22L": {
                "heading_tolerance":  90,

                "near_distance": 1,
                "near_half_width": 3,
                "far_half_width": 6,
                "region_length": 30,

                "descent_distance": 4.5,
                "descent_altitude": 1500,
                "above_altitude_tolerance": 6000,
                "below_altitude_tolerance": 1000,

                "reference_point": "40.69662,-74.16214",
                "reference_heading": 219,
                "reference_length": 30,
                "reference_altitude": 0,

                "scratchpad_patterns": [ "2L" ]
            },
            "22R": {
                "heading_tolerance":  90,

                "near_distance": 1,
                "near_half_width": 3,
                "far_half_width": 6,
                "region_length": 30,

                "descent_distance": 4.5,
                "descent_altitude": 1500,
                "above_altitude_tolerance": 6000,
                "below_altitude_tolerance": 1000,

                "reference_point": "40.69719,-74.16559",
                "reference_heading": 219,
                "reference_length": 30,
                "reference_altitude": 0,

                "scratchpad_patterns": [ "2R" ]
            },
            "11": {
                "heading_tolerance":  90,

                "near_distance": 1,
                "near_half_width": 3,
                "far_half_width": 6,
                "region_length": 30,

                "descent_distance": 4.5,
                "descent_altitude": 1500,
                "above_altitude_tolerance": 6000,
                "below_altitude_tolerance": 1000,

                "reference_point": "40.70269,-74.17891",
                "reference_heading": 108,
                "reference_length": 30,
                "reference_altitude": 0,

                "scratchpad_patterns": [ "11" ]
            },
            "4L": {
                "heading_tolerance":  90,

                "near_distance": 1,
                "near_half_width": 3,
                "far_half_width": 6,
                "region_length": 30,

                "descent_distance": 6,
                "descent_altitude": 2000,
                "above_altitude_tolerance": 6000,
                "below_altitude_tolerance": 1000,

                "reference_point": "40.68352,-74.17428",
                "reference_heading": 39,
                "reference_length": 30,
                "reference_altitude": 0,

                "scratchpad_patterns": [ "4L" ]
            },
            "4R": {
                "heading_tolerance":  90,

                "near_distance": 1,
                "near_half_width": 3,
                "far_half_width": 6,
                "region_length": 30,

                "descent_distance": 5.1,
                "descent_altitude": 1700,
                "above_altitude_tolerance": 6000,
                "below_altitude_tolerance": 1000,

                "reference_point": "40.68176,-74.17159",
                "reference_heading": 39,
                "reference_length": 30,
                "reference_altitude": 0,

                "scratchpad_patterns": [ "4R" ]
            }
      },
      "converging_runways": [
          {
              "runways": [ "22L", "11" ],
              "leader_directions": [ "S", "E" ],
              "tie_symbol": "/",
              "stagger_symbol": "0",
              "tie_offset": 2
          },
          {
              "runways": [ "4R", "11" ],
              "leader_directions": [ "S", "E" ],
              "tie_symbol": "/",
              "stagger_symbol": "0",
              "tie_offset": 2
          },
          {
              "runways": [ "22R", "11" ],
              "leader_directions": [ "S", "E" ],
              "tie_symbol": "/",
              "stagger_symbol": "0",
              "tie_offset": 2
          },
          {
              "runways": [ "4L", "11" ],
              "leader_directions": [ "S", "E" ],
              "tie_symbol": "/",
              "stagger_symbol": "0",
              "tie_offset": 2
          }
      ],
      "departure_routes": {
        "22R": {
          "BAYYS,BDR,BIGGY,BREZY,COATE,DIXIE,ELIOT,GAYEL,GREKI,HAAYS,LANNA,MERIT,NEION,NEWEL,None,PARKE,SAX,SBJ,SHIPP,WAVEY,WHITE,ZIMMZ": {
            "cleared_altitude": 2500,
            "route": "EWR4",
            "waypoints": "_EWR_22R _EWR_4L _EWR4_22Ra/h220"
          }
        },
        "4L": {
          "BAYYS,BDR,BIGGY,BREZY,COATE,DIXIE,ELIOT,GAYEL,GREKI,HAAYS,LANNA,MERIT,NEION,NEWEL,None,PARKE,SAX,SBJ,SHIPP,WAVEY,WHITE,ZIMMZ": {
            "cleared_altitude": 3000,
            "route": "EWR4",
            "waypoints": "_EWR_4L _EWR_22R _EWR4_4La/h290"
          }
        }
      },
      "departures": [
        {
          "airlines": [
            {
              "icao": "RPA"
            },
            {
              "icao": "GJS"
            }
          ],
          "altitude": 22000,
          "destination": "KDCA",
          "exit": "BIGGY",
          "route": "BIGGY Q75 MXE CLIPR2"
        },
        {
          "airlines": [
            {
              "icao": "RPA"
            },
            {
              "icao": "GJS"
            },
            {
              "icao": "LXJ"
            }
          ],
          "altitude": 22000,
          "destination": "KBWI",
          "exit": "BIGGY",
          "route": "BIGGY Q75 MXE V378 NUGGY TRISH3"
        },
        {
          "airlines": [
            {
              "fleet": "short",
              "icao": "AAL"
            },
            {
              "fleet": "short",
              "icao": "UAL"
            }
          ],
          "altitude": 36000,
          "destination": "KCLT",
          "exit": "BIGGY",
          "route": "BIGGY Q75 GVE LYH CHSLY5"
        },
        {
          "airlines": [
            {
              "icao": "RPA"
            }
          ],
          "altitude": 34000,
          "destination": "KSRQ",
          "exit": "BIGGY",
          "route": "BIGGY Q75 SLOJO Q103 PUPYY KYYUU LUBBR3"
        },
        {
          "airlines": [
            {
              "fleet": "short",
              "icao": "UAL"
            }
          ],
          "altitude": 38000,
          "destination": "KMSY",
          "exit": "BIGGY",
          "route": "BIGGY Q75 GVE LYH COLZI Q52 CHOPZ MGMRY SJI MNSTR1"
        },
        {
          "airlines": [
            {
              "icao": "RPA"
            }
          ],
          "altitude": 32000,
          "destination": "KGSP",
          "exit": "BIGGY",
          "route": "BIGGY Q75 GVE FUBLL JUNNR3"
        },
        {
          "airlines": [
            {
              "fleet": "short",
              "icao": "UAL"
            }
          ],
          "altitude": 38000,
          "destination": "KRSW",
          "exit": "BIGGY",
          "route": "BIGGY Q75 BROSK Q75 SLOJO Q103 GRONK Q103 PUPYY Q103 CYNTA SHFTY5"
        },
        {
          "airlines": [
            {
              "fleet": "short",
              "icao": "UAL"
            }
          ],
          "altitude": 28000,
          "destination": "KTPA",
          "exit": "BIGGY",
          "route": "BIGGY Q75 MURPH Q75 TEUFL BAAMF DADES1"
        },
        {
          "airlines": [
            {
              "fleet": "short",
              "icao": "UAL"
            },
            {
              "fleet": "short",
              "icao": "DAL"
            },
            {
              "icao": "NKS"
            }
          ],
          "altitude": 36000,
          "destination": "KATL",
          "exit": "LANNA",
          "route": "LANNA J48 MOL FLASK OZZZI1"
        },
        {
          "airlines": [
            {
              "fleet": "short",
              "icao": "UAL"
            }
          ],
          "altitude": 34000,
          "destination": "KIAH",
          "exit": "LANNA",
          "route": "LANNA J48 CSN FANPO Q40 WINAP Q40 AEX GESNR1"
        },
        {
          "airlines": [
            {
              "fleet": "short",
              "icao": "UAL"
            }
          ],
          "altitude": 36000,
          "destination": "MMMX",
          "exit": "LANNA",
          "route": "LANNA J48 CSN FANPO Q40 NIOLA MEI TBD M345 AXEXO UM345 LEXUD UM345 PAZ UT154 ENAGA ENAGA2B"
        },
        {
          "airlines": [
            {
              "fleet": "short",
              "icao": "UAL"
            }
          ],
          "altitude": 32000,
          "destination": "KBNA",
          "exit": "PARKE",
          "route": "PARKE J6 MRB J6 COLNS J6 HVQ Q68 YOCKY GROAT PASLY4"
        },
        {
          "airlines": [
            {
              "icao": "RPA"
            }
          ],
          "altitude": 36000,
          "destination": "KDFW",
          "exit": "PARKE",
          "route": "PARKE J6 HVQ Q68 YOCKY Q68 LITTR FEWWW SEEVR4"
        },
        {
          "airlines": [
            {
              "fleet": "short",
              "icao": "UAL"
            }
          ],
          "altitude": 34000,
          "destination": "KAUS",
          "exit": "PARKE",
          "route": "PARKE J6 HVQ Q68 LITTR TXK WINDU SEWZY6"
        },
        {
          "airlines": [
            {
              "icao": "EDV"
            }
          ],
          "altitude": 34000,
          "destination": "KCVG",
          "exit": "PARKE",
          "route": "PARKE J6 COLNS GAVNN6"
        },
        {
          "airlines": [
            {
              "icao": "RPA"
            }
          ],
          "altitude": 34000,
          "destination": "KAUS",
          "exit": "PARKE",
          "route": "PARKE J6 HVQ Q68 UNCKL MAUDD6"
        },
        {
          "airlines": [
            {
              "fleet": "short",
              "icao": "UAL"
            }
          ],
          "altitude": 32000,
          "destination": "KSAT",
          "exit": "PARKE",
          "route": "PARKE J6 MRB J6 HVQ Q68 LITTR TXK WINDU BRAUN3"
        },
        {
          "airlines": [
            {
              "fleet": "long",
              "icao": "UAL"
            },
            {
              "fleet": "long",
              "icao": "FDX"
            }
          ],
          "altitude": 36000,
          "destination": "KLAX",
          "exit": "ZIMMZ",
          "route": "ZIMMZ Q42 SPOTZ Q480 AIR J80 ZANDR EMPTY J80 VHP KI57M KK54K STL KK51I KK48G KK45E KK42C KA39Y KA36U KA36S KD36Q TBC JASSE Q90 DNERO ANJLL4"
        },
        {
          "airlines": [
            {
              "fleet": "short",
              "icao": "UAL"
            }
          ],
          "altitude": 38000,
          "destination": "KSAN",
          "exit": "ZIMMZ",
          "route": "ZIMMZ Q42 HIDON KI57Q JUDDI KK45K HUW TUL PNH ONM KA24Q CULTS EMLLD DSNEE5"
        },
        {
          "airlines": [
            {
              "icao": "RPA"
            }
          ],
          "altitude": 32000,
          "destination": "KCMH",
          "exit": "ZIMMZ",
          "route": "ZIMMZ Q42 MIKYG Q480 AIR CLPRR2"
        },
        {
          "airlines": [
            {
              "icao": "RPA"
            }
          ],
          "altitude": 34000,
          "destination": "KPIT",
          "exit": "ZIMMZ",
          "route": "ZIMMZ Q42 MIKYG Q480 VINSE DEMME4"
        },
        {
          "airlines": [
            {
              "icao": "RPA"
            }
          ],
          "altitude": 34000,
          "destination": "KIND",
          "exit": "ZIMMZ",
          "route": "ZIMMZ Q42 HIDON RINTE SNKPT2"
        },
        {
          "airlines": [
            {
              "fleet": "short",
              "icao": "UAL"
            }
          ],
          "altitude": 34000,
          "destination": "KSAN",
          "exit": "ZIMMZ",
          "route": "ZIMMZ Q42 HIDON KI57Q CUNKI KI48M HUW TUL BISKT PNH ONM KA21Q KA18O HOGGZ LUCKI1"
        },
        {
          "airlines": [
            {
              "icao": "RPA"
            }
          ],
          "altitude": 16000,
          "destination": "KMDT",
          "exit": "ELIOT",
          "route": "ELIOT ETX V162 HWANG"
        },
        {
          "airlines": [
            {
              "icao": "GJS"
            },
            {
              "icao": "LXJ"
            },
            {
              "icao": "EJA"
            }
          ],
          "altitude": 18000,
          "destination": "KUNV",
          "exit": "NEWEL",
          "route": "NEWEL J60 PSB"
        },
        {
          "airlines": [
            {
              "fleet": "short",
              "icao": "UAL"
            }
          ],
          "altitude": 32000,
          "destination": "KLAS",
          "exit": "NEWEL",
          "route": "NEWEL J60 DANNR J60 PSB J60 DJB FWA WORDY KK60K KK57I TYGER KK45C KK42A KA39Y KA36W FLYBY BUKKO GUP HAHAA RKSTR3"
        },
        {
          "airlines": [
            {
              "fleet": "short",
              "icao": "UAL"
            }
          ],
          "altitude": 32000,
          "destination": "KSNA",
          "exit": "NEWEL",
          "route": "NEWEL J60 DJB OXI BDF J64 BURKK KK60G JUDGE KK48A DRAWL KA39W FLYBY KA33Q HIPPI HIMDU DSNEE5"
        },
        {
          "airlines": [
            {
              "icao": "RPA"
            }
          ],
          "altitude": 30000,
          "destination": "KCLE",
          "exit": "NEWEL",
          "route": "NEWEL J60 PSB UPPRR TRYBE4"
        },
        {
          "airlines": [
            {
              "icao": "ASA"
            }
          ],
          "altitude": 34000,
          "destination": "KSAN",
          "exit": "NEWEL",
          "route": "NEWEL J60 DANNR RAV J64 EWC J64 CASIO ROD KI57O KI51M FAM HUW KM36G KF33E KF30C CAPRO CME KA18O HOGGZ LUCKI1"
        },
        {
          "airlines": [
            {
              "icao": "GJS"
            }
          ],
          "altitude": 8000,
          "destination": "KPHL",
          "exit": "SBJ",
          "route": "SBJ BUSKY PTW"
        },
        {
          "airlines": [
            {
              "icao": "GJS"
            }
          ],
          "altitude": 16000,
          "destination": "KPHL",
          "exit": "SBJ",
          "route": "SBJ V30 LANNA V30 ETX V162 HAR"
        },
        {
          "airlines": [
            {
              "icao": "UAL"
            }
          ],
          "altitude": 38000,
          "destination": "KORD",
          "exit": "COATE",
          "route": "COATE Q436 EMMMA WYNDE2"
        },
        {
          "airlines": [
            {
              "fleet": "long",
              "icao": "UAL"
            },
            {
              "fleet": "long",
              "icao": "FDX"
            },
            {
              "icao": "ASA"
            }
          ],
          "altitude": 32000,
          "destination": "KLAX",
          "exit": "COATE",
          "route": "COATE Q436 HERBA JHW DJB J60 ASHEN KG63M BAYLI KK54G FRACA KK45A KENTO KA36U BUKKO KA30O HIPPI GABBL HLYWD1"
        },
        {
          "airlines": [
            {
              "fleet": "long",
              "icao": "UAL"
            }
          ],
          "altitude": 32000,
          "destination": "KDEN",
          "exit": "COATE",
          "route": "COATE Q436 RAAKK Q438 RUBYY DBQ J84 OBH BRWRY LAWGR3"
        },
        {
          "airlines": [
            {
              "icao": "RPA"
            }
          ],
          "altitude": 36000,
          "destination": "KSLC",
          "exit": "COATE",
          "route": "COATE Q436 RAAKK Q440 HUFFR DKOTA DDY NORDK6"
        },
        {
          "airlines": [
            {
              "icao": "POE"
            }
          ],
          "altitude": 22000,
          "destination": "CYTZ",
          "exit": "COATE",
          "route": "COATE LAAYK Q436 MTCAF ULW WOZEE KAXOL KAXOL2"
        },
        {
          "airlines": [
            {
              "fleet": "short",
              "icao": "UAL"
            },
            {
              "icao": "RPA"
            }
          ],
          "altitude": 22000,
          "destination": "KSYR",
          "exit": "NEION",
          "route": "NEION J223 CORDS CFB V29 SYR"
        },
        {
          "airlines": [
            {
              "icao": "RPA"
            }
          ],
          "altitude": 20000,
          "destination": "KBUF",
          "exit": "NEION",
          "route": "NEION J223 CORDS ULW BENEE"
        },
        {
          "airlines": [
            {
              "icao": "RPA"
            },
            {
              "icao": "JZA"
            }
          ],
          "altitude": 28000,
          "destination": "CYYZ",
          "exit": "GAYEL",
          "route": "GAYEL Q818 WOZEE LINNG3"
        },
        {
          "airlines": [
            {
              "fleet": "long",
              "icao": "UAL"
            },
            {
              "icao": "ASA"
            }
          ],
          "altitude": 36000,
          "destination": "KSFO",
          "exit": "GAYEL",
          "route": "GAYEL Q818 WOZEE NOSIK JUVAG DLH FAR KP09Y BIL KU90O REO HOLLR LEGGS BDEGA3"
        },
        {
          "airlines": [
            {
              "fleet": "long",
              "icao": "FDX"
            },
            {
              "icao": "ASA"
            }
          ],
          "altitude": 38000,
          "destination": "KSEA",
          "exit": "GAYEL",
          "route": "GAYEL Q818 WOZEE Q917 SSM J140 FAR J36 MLP GLASR1"
        },
        {
          "airlines": [
            {
              "icao": "RPA"
            }
          ],
          "altitude": 34000,
          "destination": "KMSP",
          "exit": "GAYEL",
          "route": "GAYEL Q818 WOZEE NOSIK Q812 ZOHAN CEWDA MUSCL3"
        },
        {
          "airlines": [
            {
              "fleet": "long",
              "icao": "UAL"
            }
          ],
          "altitude": 32000,
          "destination": "RJTT",
          "exit": "GAYEL",
          "route": "GAYEL Q812 SYR TULEG YYB 5000N/08300W 5500N/08900W 6000N/10000W 6300N/11000W 6400N/12000W 6500N/13500W CHAPO 6400N/15000W 6200N/16000W NAYLD R220 NANDY NATES R220 NIKLL R220 NOGAL R220 NANAC Y810 ESNIP Y810 AKRIT Y807 LALID Y807 MILIT Y807 POLIX"
        },
        {
          "airlines": [
            {
              "icao": "SKW"
            }
          ],
          "altitude": 30000,
          "destination": "KDTW",
          "exit": "GAYEL",
          "route": "GAYEL J95 CFB TRAAD JACCI FERRL2"
        },
        {
          "airlines": [
            {
              "icao": "JZA"
            }
          ],
          "altitude": 25000,
          "destination": "KDTW",
          "exit": "BREZY",
          "route": "BREZY V39 CMK MERIT HFD PUT LBSTA ALLEX FUNDY5"
        },
        {
          "airlines": [
            {
              "icao": "RPA"
            },
            {
              "icao": "LXJ"
            }
          ],
          "altitude": 25000,
          "destination": "KBTV",
          "exit": "GREKI",
          "route": "GREKI JUUDS CAM"
        },
        {
          "airlines": [
            {
              "icao": "ICE"
            }
          ],
          "altitude": 35000,
          "destination": "BIKF",
          "exit": "GREKI",
          "route": "GREKI JUDDS BAF TAFFY N711A IRLOK 5800N/05000W 6100N/04000W 6300N/03000W EPENI ELDIS ELDIS3K"
        },
        {
          "airlines": [
            {
              "fleet": "short",
              "icao": "UAL"
            },
            {
              "icao": "RPA"
            }
          ],
          "altitude": 21000,
          "destination": "KBOS",
          "exit": "MERIT",
          "route": "MERIT ROBUC3"
        },
        {
          "airlines": [
            {
              "fleet": "long",
              "icao": "AFR"
            }
          ],
          "altitude": 35000,
          "destination": "LFPG",
          "exit": "MERIT",
          "route": "MERIT HFD PUT BOS BRADD N141D PORTI NATU DOGAL NATU BEXET BAKUR N546 STU P2 BEDEK SFD UM605 WAFFU UM605 BIBAX BIBAX9W"
        },
        {
          "airlines": [
            {
              "fleet": "long",
              "icao": "UAL"
            }
          ],
          "altitude": 35000,
          "destination": "LFPG",
          "exit": "MERIT",
          "route": "MERIT HFD PUT BOS BRADD N141D PORTI NATU 5400N/02000W NATU BEXET LEDGO N83 NAKID N160 LIZAD JSY ARSUK RESMI UL612 OGULO OKASI OKEKO MOU MADIV MOKIP KENTY KOGAS MEDAM NITAM MOGBO ELB L146 ELKAP"
        },
        {
          "airlines": [
            {
              "fleet": "long",
              "icao": "DLH"
            }
          ],
          "altitude": 37000,
          "destination": "EDDF",
          "exit": "MERIT",
          "route": "MERIT HFD PUT BOS TUSKY N201B NICSO NATT RESNO NATT NETKI NIBOG BELOX L603 LAMSO EVELI SOGPO DIXAT T149 LIPMI T911 ROLIS ROLIS3A"
        },
        {
          "airlines": [
            {
              "fleet": "long",
              "icao": "AUA"
            }
          ],
          "altitude": 35000,
          "destination": "LOWW",
          "exit": "MERIT",
          "route": "MERIT HFD PUT WITCH ALLEX N263A JOOPY NATS PIKIL NATS SOVED NIBOG BELOX L603 LAMSO EVELI TIVUN ESAMA OSBIT TENLO LAMSI VENEN VENEN3W"
        },
        {
          "airlines": [
            {
              "fleet": "long",
              "icao": "UAL"
            }
          ],
          "altitude": 33000,
          "destination": "LLBG",
          "exit": "MERIT",
          "route": "MERIT HFD PUT 4600N/06000W ELSIR 5000N/05000W 5300N/04000W 5600N/03000W 5700N/02000W SUNOT KESIX IBROD TLA N97 NATEB N610 LONAM LINTU NOMKA ARMUT LAMSI TISKO GUBOK VABEK UL603 OLOTA DISOR UL608 FSK UN128 IMR UN135 NESIL UT39 TOMBI IDAKU L35 PIKOG L609 ZUKKO"
        },
        {
          "airlines": [
            {
              "icao": "GJS"
            }
          ],
          "altitude": 15000,
          "destination": "KPVD",
          "exit": "BAYYS",
          "route": "BAYYS SEALL V188 GON V374 MINNK"
        },
        {
          "airlines": [
            {
              "icao": "GJS"
            }
          ],
          "altitude": 19000,
          "destination": "KRIC",
          "exit": "WHITE",
          "route": "ELVAE COL WHITE J209 SBY V1 JAMIE"
        },
        {
          "airlines": [
            {
              "fleet": "short",
              "icao": "UAL"
            }
          ],
          "altitude": 22000,
          "destination": "KRDU",
          "exit": "WHITE",
          "route": "ELVAE COL WHITE J209 VILLS TRPOD TAQLE1"
        },
        {
          "airlines": [
            {
              "fleet": "short",
              "icao": "UAL"
            }
          ],
          "altitude": 34000,
          "destination": "KMIA",
          "exit": "WHITE",
          "route": "ELVAE COL WHITE J209 VILLS J209 SBY KEMPR SKARP Y313 SPOOF Y313 HOAGG BNFSH2"
        },
        {
          "airlines": [
            {
              "fleet": "short",
              "icao": "UAL"
            }
          ],
          "altitude": 34000,
          "destination": "KTPA",
          "exit": "WHITE",
          "route": "ELVAE COL WHITE J209 VILLS J209 SBY J79 KATZN CVI WEAVR J121 CHS JROSS Q409 KONEY Q409 PUPYY BAAMF DADES1"
        },
        {
          "airlines": [
            {
              "fleet": "short",
              "icao": "UAL"
            },
            {
              "icao": "JBU"
            },
            {
              "icao": "NKS"
            }
          ],
          "altitude": 34000,
          "destination": "KFLL",
          "exit": "WHITE",
          "route": "ELVAE COL WHITE J209 SBY KEMPR CHIEZ Y291 MAJIK CUUDA2"
        },
        {
          "airlines": [
            {
              "fleet": "short",
              "icao": "UAL"
            }
          ],
          "altitude": 40000,
          "destination": "KJAX",
          "exit": "WHITE",
          "route": "ELVAE COL WHITE J209 SBY J79 CHS ESENT LUNNI1"
        },
        {
          "airlines": [
            {
              "fleet": "short",
              "icao": "UAL"
            }
          ],
          "altitude": 28000,
          "destination": "KMCO",
          "exit": "WHITE",
          "route": "ELVAE COL WHITE J209 VILLS J209 SBY J79 KATZN CVI WEAVR J121 ISO J121 CHS IGARY Q85 LPERD GTOUT1"
        },
        {
          "airlines": [
            {
              "icao": "NKS"
            }
          ],
          "altitude": 28000,
          "destination": "KMYR",
          "exit": "WHITE",
          "route": "ELVAE COL WHITE J209 SBY ILM WYLMS"
        },
        {
          "airlines": [
            {
              "icao": "TAP"
            }
          ],
          "altitude": 33000,
          "destination": "LPPT",
          "exit": "DIXIE",
          "route": "ELVAE COL DIXIE Y481 POPPN ISLES JENYY DOVEY 4100N/06000W 4100N/05000W 3900N/04000W 3800N/03000W 3800N/02000W KOMUT BUSEN BUSEN5P"
        },
        {
          "airlines": [
            {
              "icao": "UAL"
            }
          ],
          "altitude": 37000,
          "destination": "MDSD",
          "exit": "DIXIE",
          "route": "ELVAE COL DIXIE Y481 OHRYN Y488 HOBOH Y488 SAUCR L453 BOREX L453 LAMER L453 RODRK POKEG UT17 KOBET KERSO"
        },
        {
          "airlines": [
            {
              "icao": "UAL"
            }
          ],
          "altitude": 39000,
          "destination": "TNCM",
          "exit": "DIXIE",
          "route": "ELVAE COL DIXIE Y481 POPPN Y481 OHRYN Y482 SQUAD DARUX L456 NOSID L456 HANCY L456 THANK SLUGO"
        },
        {
          "airlines": [
            {
              "icao": "UAL"
            }
          ],
          "altitude": 33000,
          "destination": "MDPC",
          "exit": "DIXIE",
          "route": "ELVAE COL DIXIE Y481 OHRYN Y482 SQUAD DARUX L456 HANCY L456 THANK M597 BETIR"
        },
        {
          "airlines": [
            {
              "icao": "UAL"
            }
          ],
          "altitude": 33000,
          "destination": "TNCA",
          "exit": "DIXIE",
          "route": "ELVAE COL DIXIE Y481 OHRYN Y482 SQUAD DARUX L456 HANCY L456 THANK L458 PANMO JOSHE L325 SCAPA"
        }
      ],
      "exit_categories": {
        "BAYYS": "East",
        "BDR": "East",
        "BIGGY": "West",
        "BREZY": "North",
        "COATE": "North",
        "DIXIE": "South",
        "ELIOT": "West",
        "GAYEL": "North",
        "GREKI": "East",
        "HAAYS": "North",
        "LANNA": "West",
        "MERIT": "East",
        "NEION": "North",
        "NEWEL": "West",
        "PARKE": "West",
        "SAX": "North",
        "SBJ": "West",
        "SHIPP": "South",
        "WAVEY": "South",
        "WHITE": "South",
        "ZIMMZ": "West"
      },
      "location": "N040.41.28.005,W074.10.16.223",
      "tower_list": 1
    },
    "KTEB": {
      "approaches": {
        "I06": {
          "full_name": "ILS 6",
          "runway": "6",
          "type": "ILS",
          "waypoints": [
            "SBJ VINGS/a2000 DANDY/a1500 _TEB_6/a50"
          ]
        },
        "I19": {
          "full_name": "ILS 19",
          "runway": "19",
          "type": "ILS",
          "waypoints": [
            "STRAD SKUBY NIPIE UNVIL/a2100 TUGGZ/a1500 _TEB_19/a50"
          ]
        },
        "R24": {
          "full_name": "RNAV 24",
          "runway": "24",
          "type": "RNAV",
          "waypoints": [
            "STRAD SKUBY NIPIE WHEZY SHREW/a2000 ANGLE/a1700 BAITH _TEB_24/a50"
          ]
        },
        "RX6": {
          "full_name": "RNAV X 6",
          "runway": "6",
          "type": "RNAV",
          "waypoints": [
            "COATE ELIZE ALIDA FRNKI/a2000 PESME/a1700 TBERN/a1300 _TEB_6/a50",
            "STW ELIZE ALIDA FRNKI/a2000 PESME/a1700 TBERN/a1300 _TEB_6/a50",
            "SBJ JERSE FRNKI/a2000 PESME/a1700 TBERN/a1300 _TEB_6/a50"
          ]
        },
        "RX9": {
          "full_name": "RNAV X 19",
          "runway": "19",
          "type": "RNAV",
          "waypoints": [
            "CUROK WHOLN MOOGZ/a1700 DUUNE/a1500 COFFS _TEB_19/a50"
          ]
        },
        "RY6": {
          "full_name": "RNAV Y 6",
          "runway": "6",
          "type": "RNAV",
          "waypoints": [
            "COATE ELIZE ALIDA DWURF JUGGY/a2000 DANDY/a1500 STICC/a1300 _TEB_6/a50",
            "STW ELIZE ALIDA DWURF JUGGY/a2000 DANDY/a1500 STICC/a1300 _TEB_6/a50",
            "SBJ ALIDA DWURF JUGGY/a2000 DANDY/a1500 STICC/a1300 _TEB_6/a50"
          ]
        },
        "RY9": {
          "full_name": "RNAV Y 19",
          "runway": "19",
          "type": "RNAV",
          "waypoints": [
            "STRAD SKUBY NIPIE UNVIL/a2100 TUGGZ/a1500 _TEB_19/a50"
          ]
        },
        "RZ6": {
          "full_name": "RNAV Z 6",
          "runway": "6",
          "type": "RNAV",
          "waypoints": [
            "COATE ELIZE GUZTI/a3000 CATXO/a2000 HOLUR/a1700 EVEGE/a1500 AWKEB/a1300 OFFEC _TEB_6/a50",
            "STW ELIZE GUZTI/a3000 CATXO/a2000 HOLUR/a1700 EVEGE/a1500 AWKEB/a1300 OFFEC _TEB_6/a50",
            "SBJ GUZTI/a3000 CATXO/a2000 HOLUR/a1700 EVEGE/a1500 AWKEB/a1300 OFFEC _TEB_6/a50"
          ]
        },
        "RZ9": {
          "full_name": "RNAV Z 19",
          "runway": "19",
          "type": "RNAV",
          "waypoints": [
            "COATE LELME COMOK/a3000 HOOTH/a2000 ALSIW/a1500 JAPIR _TEB_19/a50",
            "STW LELME COMOK/a3000 HOOTH/a2000 ALSIW/a1500 JAPIR _TEB_19/a50",
            "SBJ SHOTT LELME COMOK/a3000 HOOTH/a2000 ALSIW/a1500 JAPIR _TEB_19/a50"
          ]
        }
      },
      "departure_routes": {
        "1": {
          "BAYYS,BDR,BIGGY,BREZY,COATE,DIXIE,ELIOT,GAYEL,GREKI,HAAYS,LANNA,MERIT,NEION,NEWEL,None,PARKE,SAX,SBJ,SHIPP,WAVEY,WHITE,ZIMMZ": {
            "cleared_altitude": 2000,
            "route": "TEB4",
            "waypoints": "_TEB_1 _TEB_19 _TEB4_1a/h280"
          }
        },
        "24": {
          "BAYYS,BDR,BIGGY,BREZY,COATE,DIXIE,ELIOT,GAYEL,GREKI,HAAYS,LANNA,MERIT,NEION,NEWEL,None,PARKE,SAX,SBJ,SHIPP,WAVEY,WHITE,ZIMMZ": {
            "cleared_altitude": 2000,
            "route": "RUUDY6",
            "waypoints": "_TEB_24 _TEB_6 DAVIM WENTZ RUUDY/h280"
          }
        }
      },
      "departures": [
        {
          "airlines": [
            {
              "icao": "EJA"
            },
            {
              "icao": "N"
            }
          ],
          "altitude": 4000,
          "destination": "KTTN",
          "exit": "BIGGY",
          "route": "BIGGY V3 MAZIE"
        },
        {
          "airlines": [
            {
              "icao": "EJA"
            }
          ],
          "altitude": 40000,
          "destination": "KCLT",
          "exit": "BIGGY",
          "route": "BIGGY Q75 GVE LYH CHSLY5"
        },
        {
          "airlines": [
            {
              "icao": "EJA"
            }
          ],
          "altitude": 8000,
          "destination": "KILG",
          "exit": "BIGGY",
          "route": "BIGGY V3 MAZIE"
        },
        {
          "airlines": [
            {
              "icao": "N"
            }
          ],
          "altitude": 4000,
          "destination": "KILG",
          "exit": "BIGGY",
          "route": "BIGGY V3 MAZIE"
        },
        {
          "airlines": [
            {
              "icao": "LXJ"
            }
          ],
          "altitude": 43000,
          "destination": "KOPF",
          "exit": "LANNA",
          "route": "LANNA J48 MOL FLASK COREX THRSR HONID FROGZ3"
        },
        {
          "airlines": [
            {
              "icao": "EJA"
            }
          ],
          "altitude": 43000,
          "destination": "KGSO",
          "exit": "LANNA",
          "route": "LANNA J48 MOL FLASK COREX THRSR HONID FROGZ3"
        },
        {
          "airlines": [
            {
              "icao": "EJA"
            },
            {
              "icao": "LXJ"
            }
          ],
          "altitude": 40000,
          "destination": "KATL",
          "exit": "LANNA",
          "route": "LANNA J48 MOL FLASK OZZZI1"
        },
        {
          "airlines": [
            {
              "icao": "EJA"
            }
          ],
          "altitude": 8000,
          "destination": "KABE",
          "exit": "LANNA",
          "route": "LANNA V30 ETX"
        },
        {
          "airlines": [
            {
              "icao": "N"
            }
          ],
          "altitude": 6000,
          "destination": "KABE",
          "exit": "LANNA",
          "route": "LANNA V30 ETX"
        },
        {
          "airlines": [
            {
              "icao": "N"
            }
          ],
          "altitude": 6000,
          "destination": "KRDG",
          "exit": "LANNA",
          "route": "LANNA V30 ETX"
        },
        {
          "airlines": [
            {
              "icao": "EJA"
            }
          ],
          "altitude": 8000,
          "destination": "KMDT",
          "exit": "LANNA",
          "route": "LANNA V30 ETX V162 HAR"
        },
        {
          "airlines": [
            {
              "icao": "EJA"
            },
            {
              "icao": "LXJ"
            }
          ],
          "altitude": 40000,
          "destination": "KBNA",
          "exit": "PARKE",
          "route": "PARKE J6 MRB J6 COLNS J6 HVQ Q68 YOCKY GROAT PASLY4"
        },
        {
          "airlines": [
            {
              "icao": "LXJ"
            }
          ],
          "altitude": 43000,
          "destination": "KDFW",
          "exit": "PARKE",
          "route": "PARKE J6 HVQ Q68 YOCKY Q68 LITTR FEWWW SEEVR4"
        },
        {
          "airlines": [
            {
              "icao": "EJA"
            }
          ],
          "altitude": 43000,
          "destination": "KAUS",
          "exit": "PARKE",
          "route": "PARKE J6 HVQ Q68 LITTR TXK WINDU SEWZY6"
        },
        {
          "airlines": [
            {
              "icao": "EJA"
            }
          ],
          "altitude": 40000,
          "destination": "KCVG",
          "exit": "PARKE",
          "route": "PARKE J6 HVQ Q68 LITTR TXK WINDU SEWZY6"
        },
        {
          "airlines": [
            {
              "icao": "LXJ"
            }
          ],
          "altitude": 40000,
          "destination": "KIND",
          "exit": "ZIMMZ",
          "route": "ZIMMZ Q42 HIDON RINTE SNKPT2"
        },
        {
          "airlines": [
            {
              "icao": "EJA"
            }
          ],
          "altitude": 43000,
          "destination": "KCMH",
          "exit": "ZIMMZ",
          "route": "ZIMMZ Q42 MIKYG Q480 AIR CLPRR2"
        },
        {
          "airlines": [
            {
              "icao": "EJA"
            }
          ],
          "altitude": 43000,
          "destination": "KPIT",
          "exit": "ZIMMZ",
          "route": "ZIMMZ Q42 MIKYG Q480 VINSE DEMME4"
        },
        {
          "airlines": [
            {
              "icao": "EJA"
            }
          ],
          "altitude": 40000,
          "destination": "KSAN",
          "exit": "ZIMMZ",
          "route": "ZIMMZ Q42 HIDON KI57Q CUNKI KI48M HUW TUL BISKT PNH ONM KA21Q KA18O HOGGZ LUCKI1"
        },
        {
          "airlines": [
            {
              "icao": "LXJ"
            }
          ],
          "altitude": 43000,
          "destination": "KEGE",
          "exit": "NEWEL",
          "route": "NEWEL J60 HCT AKO AVVVS RLG"
        },
        {
          "airlines": [
            {
              "icao": "EJA"
            }
          ],
          "altitude": 40000,
          "destination": "KMDW",
          "exit": "NEWEL",
          "route": "NEWEL J60 GYNTS J60 ASHEN BAGEL PANGG3"
        },
        {
          "airlines": [
            {
              "icao": "EJA"
            }
          ],
          "altitude": 40000,
          "destination": "KSDL",
          "exit": "NEWEL",
          "route": "NEWEL J60 DJB BDF J64 LMN GLD RSK J44 INW DSERT2"
        },
        {
          "airlines": [
            {
              "icao": "N"
            }
          ],
          "altitude": 12000,
          "destination": "KSRB",
          "exit": "SBJ",
          "route": "SBJ V30 LANNA ETX V39 MRB V166 ESL V4 HVQ XXX V115 AZQ V140 LVT V321 GRILL HEM"
        },
        {
          "airlines": [
            {
              "icao": "EJA"
            }
          ],
          "altitude": 8000,
          "destination": "KPHL",
          "exit": "SBJ",
          "route": "SBJ BUSKY PTW"
        },
        {
          "airlines": [
            {
              "icao": "N"
            }
          ],
          "altitude": 6000,
          "destination": "KPHL",
          "exit": "SBJ",
          "route": "SBJ BUSKY PTW"
        },
        {
          "airlines": [
            {
              "icao": "LXJ"
            }
          ],
          "altitude": 43000,
          "destination": "KSFO",
          "exit": "COATE",
          "route": "COATE Q436 RAAKK ECK YZEMN RABEE FALEN FGT RAP MLD PARZZ FIMUV LEGGS BDEGA3"
        },
        {
          "airlines": [
            {
              "icao": "EJA"
            }
          ],
          "altitude": 43000,
          "destination": "KSLC",
          "exit": "COATE",
          "route": "COATE Q436 RAAKK ICHOL KP84O MSP KP84A JASTI PHP BPI LHO4"
        },
        {
          "airlines": [
            {
              "icao": "LXJ"
            }
          ],
          "altitude": 43000,
          "destination": "KLSE",
          "exit": "COATE",
          "route": "COATE Q436 RAAKK Q438 FARGN Q438 ICHOL Q438 JAAJA Q438 RUBYY BAE"
        },
        {
          "airlines": [
            {
              "icao": "N"
            }
          ],
          "altitude": 10000,
          "destination": "KELM",
          "exit": "COATE",
          "route": "COATE LAAYK ULW"
        },
        {
          "airlines": [
            {
              "icao": "N"
            }
          ],
          "altitude": 10000,
          "destination": "KAVP",
          "exit": "COATE",
          "route": "COATE T218 TALLI LVZ"
        },
        {
          "airlines": [
            {
              "icao": "EJA"
            }
          ],
          "altitude": 18000,
          "destination": "KELM",
          "exit": "NEION",
          "route": "NEION J223 CORDS J132 ULW"
        },
        {
          "airlines": [
            {
              "icao": "EJA"
            }
          ],
          "altitude": 20000,
          "destination": "KBGM",
          "exit": "NEION",
          "route": "NEION J223 CORDS CFB"
        },
        {
          "airlines": [
            {
              "icao": "LXJ"
            }
          ],
          "altitude": 22000,
          "destination": "KSYR",
          "exit": "NEION",
          "route": "NEION J223 CORDS CFB V29 SYR"
        },
        {
          "airlines": [
            {
              "icao": "N"
            }
          ],
          "altitude": 8000,
          "destination": "KBGM",
          "exit": "HAAYS",
          "route": "HAAYS HUO V252 CFB"
        },
        {
          "airlines": [
            {
              "icao": "N"
            }
          ],
          "altitude": 10000,
          "destination": "KSYR",
          "exit": "HAAYS",
          "route": "HAAYS HUO V252 CFB V29 SYR"
        },
        {
          "airlines": [
            {
              "icao": "EJA"
            }
          ],
          "altitude": 43000,
          "destination": "KJAC",
          "exit": "GAYEL",
          "route": "GAYEL Q818 FNT J36 BAE J16 FSD J82 CZI J32 BOY DNW"
        },
        {
          "airlines": [
            {
              "icao": "EJA"
            }
          ],
          "altitude": 40000,
          "destination": "KSAW",
          "exit": "GAYEL",
          "route": "GAYEL Q818 BUFFY Q818 WOZEE KENPA"
        },
        {
          "airlines": [
            {
              "icao": "EJA"
            }
          ],
          "altitude": 30000,
          "destination": "CYYZ",
          "exit": "GAYEL",
          "route": "GAYEL Q818 WOZEE LINNG3"
        },
        {
          "airlines": [
            {
              "icao": "EJA"
            }
          ],
          "altitude": 19000,
          "destination": "KBOS",
          "exit": "BREZY",
          "route": "BREZY V39 CMK MERIT ROBUC3"
        },
        {
          "airlines": [
            {
              "icao": "EJA"
            },
            {
              "icao": "EJA"
            }
          ],
          "altitude": 11000,
          "destination": "KALB",
          "exit": "BREZY",
          "route": "BREZY V39 SOARS V487 CANAN"
        },
        {
          "airlines": [
            {
              "icao": "LXJ"
            }
          ],
          "altitude": 13000,
          "destination": "KPSM",
          "exit": "BREZY",
          "route": "BREZY V39 CMK GREKI JUDDS CAM CON"
        },
        {
          "airlines": [
            {
              "icao": "EJA"
            },
            {
              "icao": "N"
            }
          ],
          "altitude": 6000,
          "destination": "KFRG",
          "exit": "BREZY",
          "route": "BREZY CMK V374 DENNA BDR V44 DPK"
        },
        {
          "airlines": [
            {
              "icao": "LXJ"
            }
          ],
          "altitude": 19000,
          "destination": "KBTV",
          "exit": "BREZY",
          "route": "BREZY V39 CMK GREKI JUDDS CAM"
        },
        {
          "airlines": [
            {
              "icao": "EJA"
            },
            {
              "icao": "N"
            }
          ],
          "altitude": 6000,
          "destination": "KHPN",
          "exit": "BREZY",
          "route": "BREZY V39 CMK"
        },
        {
          "airlines": [
            {
              "icao": "LXJ"
            }
          ],
          "altitude": 40000,
          "destination": "KEVB",
          "exit": "WHITE",
          "route": "ELVAE COL WHITE J209 SBY J79 FKN BARTL CALGO LPERD TTHOR3"
        },
        {
          "airlines": [
            {
              "icao": "EJA"
            }
          ],
          "altitude": 43000,
          "destination": "KMCO",
          "exit": "WHITE",
          "route": "ELVAE COL WHITE J209 SBY J79 KATZN CVI WEAVR J121 CHS IGARY Q85 BEEGE Q85 LPERD GTOUT1"
        },
        {
          "airlines": [
            {
              "icao": "EJA"
            }
          ],
          "altitude": 43000,
          "destination": "KPBI",
          "exit": "WHITE",
          "route": "ELVAE COL WHITE J209 SBY J79 KATZN ISO J121 CHS CAKET Q97 WOPNR CPTAN2"
        },
        {
          "airlines": [
            {
              "icao": "EJA"
            }
          ],
          "altitude": 40000,
          "destination": "KMIA",
          "exit": "WHITE",
          "route": "ELVAE COL WHITE J209 SBY J79 KATZN ISO J121 CHS CAKET Q97 DEBRL CSTAL2"
        },
        {
          "airlines": [
            {
              "icao": "LXJ"
            }
          ],
          "altitude": 38000,
          "destination": "KCHS",
          "exit": "WHITE",
          "route": "ELVAE COL WHITE J209 SBY ISO RAPZZ AMYLU3"
        },
        {
          "airlines": [
            {
              "icao": "EJA"
            },
            {
              "icao": "LXJ"
            }
          ],
          "altitude": 22000,
          "destination": "KRIC",
          "exit": "WHITE",
          "route": "ELVAE COL WHITE J209 SBY V1 JAMIE"
        },
        {
          "airlines": [
            {
              "icao": "N"
            }
          ],
          "altitude": 6000,
          "destination": "KACY",
          "exit": "DIXIE",
          "route": "ELVAE COL DIXIE V229 ACY"
        },
        {
          "airlines": [
            {
              "icao": "LXJ"
            }
          ],
          "altitude": 8000,
          "destination": "KACY",
          "exit": "DIXIE",
          "route": "ELVAE COL DIXIE V1 HOWIE"
        }
      ],
      "exit_categories": {
        "BAYYS": "East",
        "BDR": "East",
        "BIGGY": "West",
        "BREZY": "North",
        "COATE": "North",
        "DIXIE": "South",
        "ELIOT": "West",
        "GAYEL": "North",
        "GREKI": "East",
        "HAAYS": "North",
        "LANNA": "West",
        "MERIT": "East",
        "NEION": "North",
        "NEWEL": "West",
        "PARKE": "West",
        "SAX": "North",
        "SBJ": "West",
        "SHIPP": "South",
        "WAVEY": "South",
        "WHITE": "South",
        "ZIMMZ": "West"
      },
      "location": "N040.50.59.912,W074.03.39.424"
    }
  },
  "arrival_groups": {
    "COATE": [
      {
        "airlines": {
          "KTEB": [
            {
              "airport": "KFLL",
              "icao": "LXJ"
            },
            {
              "airport": "KMSY",
              "icao": "LXJ"
            },
            {
              "airport": "MDPC",
              "icao": "LXJ"
            },
            {
              "airport": "KGSO",
              "icao": "LXJ"
            },
            {
              "airport": "KATL",
              "icao": "LXJ"
            },
            {
              "airport": "KSRQ",
              "icao": "LXJ"
            },
            {
              "airport": "KCLT",
              "icao": "EJA"
            },
            {
              "airport": "KMCO",
              "icao": "EJA"
            },
            {
              "airport": "KSNA",
              "icao": "EJA"
            },
            {
              "airport": "KPBI",
              "icao": "EJA"
            },
            {
              "airport": "KSAV",
              "icao": "EJA"
            },
            {
              "airport": "KRSW",
              "icao": "EJA"
            },
            {
              "airport": "KTPA",
              "icao": "EJA"
            },
            {
              "airport": "KRDU",
              "icao": "EJA"
            },
            {
              "airport": "KMIA",
              "icao": "EJA"
            },
            {
              "airport": "MYNN",
              "icao": "EJA"
            }
          ]
        },
        "cleared_altitude": 6000,
        "cruise_altitude": 39000,
        "initial_altitude": 12000,
        "initial_controller": "BOS_CTR",
        "initial_speed": 300,
        "route": "/ ALB V489 COATE",
        "speed_restriction": null,
        "waypoints": "FILPS WEARD/ho CAMMO HUO LEMOR/a6000 COATE KEWR"
      }
    ],
    "FLOSI4": [
      {
        "airlines": {
          "KEWR": [
            {
              "airport": "KFLL",
              "icao": "UAL"
            },
            {
              "airport": "KMSY",
              "icao": "NKS"
            },
            {
              "airport": "MDPC",
              "icao": "UAL"
            },
            {
              "airport": "KGSO",
              "icao": "RPA"
            },
            {
              "airport": "KATL",
              "icao": "DAL"
            },
            {
              "airport": "KSRQ",
              "icao": "RPA"
            },
            {
              "airport": "KCLT",
              "icao": "GJS"
            },
            {
              "airport": "KMCO",
              "icao": "NKS"
            },
            {
              "airport": "KSNA",
              "icao": "UAL"
            },
            {
              "airport": "KPBI",
              "icao": "JBU"
            },
            {
              "airport": "KSAV",
              "icao": "GJS"
            },
            {
              "airport": "KRSW",
              "icao": "UAL"
            },
            {
              "airport": "KTPA",
              "icao": "UAL"
            },
            {
              "airport": "KRDU",
              "icao": "UAL"
            },
            {
              "airport": "KMIA",
              "icao": "UAL"
            },
            {
              "airport": "MYNN",
              "icao": "UAL"
            }
          ]
        },
        "cleared_altitude": 7000,
        "cruise_altitude": 39000,
        "initial_altitude": 18000,
        "initial_controller": "BOS_CTR",
        "initial_speed": 300,
        "route": "/ FLOSI4",
        "speed_restriction": null,
        "waypoints": "ACOVE TALCO WEETS/ho HELON FLOSI CRANK/a7000 SHAFF SAX PHLBO HOKIR/h180"
      }
    ],
    "FQM3": [
      {
        "airlines": {
          "KEWR": [
            {
              "airport": "KFLL",
              "icao": "UAL"
            },
            {
              "airport": "KMSY",
              "icao": "NKS"
            },
            {
              "airport": "MDPC",
              "icao": "UAL"
            },
            {
              "airport": "KGSO",
              "icao": "RPA"
            },
            {
              "airport": "KATL",
              "icao": "DAL"
            },
            {
              "airport": "KSRQ",
              "icao": "RPA"
            },
            {
              "airport": "KCLT",
              "icao": "GJS"
            },
            {
              "airport": "KMCO",
              "icao": "NKS"
            },
            {
              "airport": "KSNA",
              "icao": "UAL"
            },
            {
              "airport": "KPBI",
              "icao": "JBU"
            },
            {
              "airport": "KSAV",
              "icao": "GJS"
            },
            {
              "airport": "KRSW",
              "icao": "UAL"
            },
            {
              "airport": "KTPA",
              "icao": "UAL"
            },
            {
              "airport": "KRDU",
              "icao": "UAL"
            },
            {
              "airport": "KMIA",
              "icao": "UAL"
            },
            {
              "airport": "MYNN",
              "icao": "UAL"
            }
          ]
        },
        "cleared_altitude": 7000,
        "cruise_altitude": 39000,
        "initial_altitude": 18000,
        "initial_controller": "NY_CTR",
        "initial_speed": 300,
        "route": "/ FQM3",
        "speed_restriction": null,
        "waypoints": "HAYED/a18000 RACKI/a13000/ho PENNS SWEET/a7000 BWZ/h122"
      }
    ],
    "LVZ4": [
      {
        "airlines": {
          "KTEB": [
            {
              "airport": "KFLL",
              "icao": "LXJ"
            },
            {
              "airport": "KMSY",
              "icao": "LXJ"
            },
            {
              "airport": "MDPC",
              "icao": "LXJ"
            },
            {
              "airport": "KGSO",
              "icao": "LXJ"
            },
            {
              "airport": "KATL",
              "icao": "LXJ"
            },
            {
              "airport": "KSRQ",
              "icao": "LXJ"
            },
            {
              "airport": "KCLT",
              "icao": "EJA"
            },
            {
              "airport": "KMCO",
              "icao": "EJA"
            },
            {
              "airport": "KSNA",
              "icao": "EJA"
            },
            {
              "airport": "KPBI",
              "icao": "EJA"
            },
            {
              "airport": "KSAV",
              "icao": "EJA"
            },
            {
              "airport": "KRSW",
              "icao": "EJA"
            },
            {
              "airport": "KTPA",
              "icao": "EJA"
            },
            {
              "airport": "KRDU",
              "icao": "EJA"
            },
            {
              "airport": "KMIA",
              "icao": "EJA"
            },
            {
              "airport": "MYNN",
              "icao": "EJA"
            }
          ]
        },
        "cleared_altitude": 6000,
        "cruise_altitude": 39000,
        "initial_altitude": 18000,
        "initial_controller": "NY_CTR",
        "initial_speed": 300,
        "route": "/ LVZ4",
        "speed_restriction": null,
        "waypoints": "LVZ/a18000/ho HARTY MUGZY/a6000 STW/h125"
      }
    ],
    "MAZIE3": [
      {
        "airlines": {
          "KTEB": [
            {
              "airport": "KFLL",
              "icao": "LXJ"
            },
            {
              "airport": "KMSY",
              "icao": "LXJ"
            },
            {
              "airport": "MDPC",
              "icao": "LXJ"
            },
            {
              "airport": "KGSO",
              "icao": "LXJ"
            },
            {
              "airport": "KATL",
              "icao": "LXJ"
            },
            {
              "airport": "KSRQ",
              "icao": "LXJ"
            },
            {
              "airport": "KCLT",
              "icao": "EJA"
            },
            {
              "airport": "KMCO",
              "icao": "EJA"
            },
            {
              "airport": "KSNA",
              "icao": "EJA"
            },
            {
              "airport": "KPBI",
              "icao": "EJA"
            },
            {
              "airport": "KSAV",
              "icao": "EJA"
            },
            {
              "airport": "KRSW",
              "icao": "EJA"
            },
            {
              "airport": "KTPA",
              "icao": "EJA"
            },
            {
              "airport": "KRDU",
              "icao": "EJA"
            },
            {
              "airport": "KMIA",
              "icao": "EJA"
            },
            {
              "airport": "MYNN",
              "icao": "EJA"
            }
          ]
        },
        "cleared_altitude": 7000,
        "cruise_altitude": 39000,
        "initial_altitude": 12000,
        "initial_controller": "PHL_NA_APP",
        "initial_speed": 300,
        "route": "/ MAZIE3",
        "speed_restriction": null,
        "waypoints": "JAIKE ILENE/a12000/ho WACKI/a11000 MAZIE REGLE/a7000 GNNZO SBJ/h059"
      }
    ],
    "North": [
      {
        "airlines": {
          "KEWR": [
            {
              "airport": "KFLL",
              "icao": "UAL"
            },
            {
              "airport": "KMSY",
              "icao": "NKS"
            },
            {
              "airport": "MDPC",
              "icao": "UAL"
            },
            {
              "airport": "KGSO",
              "icao": "RPA"
            },
            {
              "airport": "KATL",
              "icao": "DAL"
            },
            {
              "airport": "KSRQ",
              "icao": "RPA"
            },
            {
              "airport": "KCLT",
              "icao": "GJS"
            },
            {
              "airport": "KMCO",
              "icao": "NKS"
            },
            {
              "airport": "KSNA",
              "icao": "UAL"
            },
            {
              "airport": "KPBI",
              "icao": "JBU"
            },
            {
              "airport": "KSAV",
              "icao": "GJS"
            },
            {
              "airport": "KRSW",
              "icao": "UAL"
            },
            {
              "airport": "KTPA",
              "icao": "UAL"
            },
            {
              "airport": "KRDU",
              "icao": "UAL"
            },
            {
              "airport": "KMIA",
              "icao": "UAL"
            },
            {
              "airport": "MYNN",
              "icao": "UAL"
            }
          ]
        },
        "cleared_altitude": 6000,
        "cruise_altitude": 39000,
        "initial_altitude": 6000,
        "initial_controller": "EWR_A_APP",
        "initial_speed": 250,
        "route": "/ FLOSI4",
        "speed_restriction": null,
        "waypoints": "SHAFF/ho SAX PHLBO HOKIR/h180"
      }
    ],
    "PHL": [
      {
        "airlines": {
          "KEWR": [
            {
              "airport": "KPHL",
              "icao": "RPA"
            },
            {
              "airport": "KPHL",
              "icao": "GJS"
            }
          ]
        },
        "cleared_altitude": 7000,
        "cruise_altitude": 7000,
        "initial_altitude": 7000,
        "initial_controller": "PHL_NA_APP",
        "initial_speed": 300,
        "route": "/ RUUTH V123 RBV",
        "speed_restriction": null,
        "waypoints": "RUUTH/ho RBV KEWR"
      }
    ],
    "PHLBO4": [
      {
        "airlines": {
          "KEWR": [
            {
              "airport": "KFLL",
              "icao": "UAL"
            },
            {
              "airport": "KMSY",
              "icao": "NKS"
            },
            {
              "airport": "MDPC",
              "icao": "UAL"
            },
            {
              "airport": "KGSO",
              "icao": "RPA"
            },
            {
              "airport": "KATL",
              "icao": "DAL"
            },
            {
              "airport": "KSRQ",
              "icao": "RPA"
            },
            {
              "airport": "KCLT",
              "icao": "GJS"
            },
            {
              "airport": "KMCO",
              "icao": "NKS"
            },
            {
              "airport": "KSNA",
              "icao": "UAL"
            },
            {
              "airport": "KPBI",
              "icao": "JBU"
            },
            {
              "airport": "KSAV",
              "icao": "GJS"
            },
            {
              "airport": "KRSW",
              "icao": "UAL"
            },
            {
              "airport": "KTPA",
              "icao": "UAL"
            },
            {
              "airport": "KRDU",
              "icao": "UAL"
            },
            {
              "airport": "KMIA",
              "icao": "UAL"
            },
            {
              "airport": "MYNN",
              "icao": "UAL"
            }
          ]
        },
        "cleared_altitude": 8000,
        "cruise_altitude": 39000,
        "initial_altitude": 20000,
        "initial_controller": "DC_CTR",
        "initial_speed": 300,
        "route": "/ PHLBO4",
        "speed_restriction": null,
        "waypoints": "DQO/a20000 STEFE/a13000/ho SOMTO/a11000 DYLIN/a8000 MERSR METRO MARRT PHLBO/h025"
      }
    ],
    "South": [
      {
        "airlines": {
          "KEWR": [
            {
              "airport": "KFLL",
              "icao": "UAL"
            },
            {
              "airport": "KMSY",
              "icao": "NKS"
            },
            {
              "airport": "MDPC",
              "icao": "UAL"
            },
            {
              "airport": "KGSO",
              "icao": "RPA"
            },
            {
              "airport": "KATL",
              "icao": "DAL"
            },
            {
              "airport": "KSRQ",
              "icao": "RPA"
            },
            {
              "airport": "KCLT",
              "icao": "GJS"
            },
            {
              "airport": "KMCO",
              "icao": "NKS"
            },
            {
              "airport": "KSNA",
              "icao": "UAL"
            },
            {
              "airport": "KPBI",
              "icao": "JBU"
            },
            {
              "airport": "KSAV",
              "icao": "GJS"
            },
            {
              "airport": "KRSW",
              "icao": "UAL"
            },
            {
              "airport": "KTPA",
              "icao": "UAL"
            },
            {
              "airport": "KRDU",
              "icao": "UAL"
            },
            {
              "airport": "KMIA",
              "icao": "UAL"
            },
            {
              "airport": "MYNN",
              "icao": "UAL"
            }
          ]
        },
        "cleared_altitude": 6000,
        "cruise_altitude": 39000,
        "initial_altitude": 6000,
        "initial_controller": "EWR_P_APP",
        "initial_speed": 250,
        "route": "/ PHLBO4",
        "speed_restriction": null,
        "waypoints": "DYLIN/ho MERSR METRO MARRT PHLBO/h025"
      }
    ],
    "WRI": [
      {
        "airlines": {
          "KEWR": [
            {
              "airport": "TNCM",
              "icao": "UAL"
            }
          ]
        },
        "cleared_altitude": 6000,
        "cruise_altitude": 39000,
        "initial_altitude": 6000,
        "initial_controller": "WRI_APP",
        "initial_speed": 300,
        "route": "/ CYN GXU RBV V249 METRO",
        "speed_restriction": null,
        "waypoints": "CYN/ho GXU RBV METRO KEWR"
      }
    ]
  },
  "center": "KEWR",
  "range": 60,
  "control_positions": {
    "ABE_APP": {
      "frequency": 119650,
      "full_name": "Allentown approach",
      "scope_char": "F",
      "sector_id": "AF"
    },
    "BOS_CTR": {
      "frequency": 134700,
      "full_name": "Boston center",
      "scope_char": "C",
      "sector_id": "B37"
    },
    "CDW_TWR": {
      "frequency": 119800,
      "full_name": "Caldwell tower",
      "scope_char": "T",
      "sector_id": "4T"
    },
    "DC_CTR": {
      "frequency": 133725,
      "full_name": "Washington center",
      "scope_char": "C",
      "sector_id": "W32"
    },
    "EWR_APP": {
      "frequency": 128550,
      "full_name": "New York approach",
      "scope_char": "P",
      "sector_id": "4P"
    },
    "EWR_A_APP": {
      "frequency": 120150,
      "full_name": "New York approach",
      "scope_char": "A",
      "sector_id": "4A"
    },
    "EWR_DEP": {
      "frequency": 119200,
      "full_name": "New York departure",
      "scope_char": "N",
      "sector_id": "4N"
    },
    "EWR_H_APP": {
      "frequency": 132800,
      "full_name": "New York approach",
      "scope_char": "H",
      "sector_id": "4H"
    },
    "EWR_P_APP": {
      "frequency": 128550,
      "full_name": "New York approach",
      "scope_char": "P",
      "sector_id": "4P"
    },
    "EWR_Q_APP": {
      "frequency": 125500,
      "full_name": "New York approach",
      "scope_char": "Q",
      "sector_id": "4Q"
    },
    "EWR_S_APP": {
      "frequency": 123770,
      "full_name": "New York approach",
      "scope_char": "S",
      "sector_id": "4S"
    },
    "EWR_TWR": {
      "frequency": 118300,
      "full_name": "Newark tower",
      "scope_char": "T",
      "sector_id": "4Z"
    },
    "EWR_U_APP": {
      "frequency": 127600,
      "full_name": "New York approach",
      "scope_char": "U",
      "sector_id": "4U"
    },
    "LGA_APP": {
      "frequency": 120800,
      "full_name": "New York approach",
      "scope_char": "V",
      "sector_id": "1V"
    },
    "LGA_DEP": {
      "frequency": 120400,
      "full_name": "New York approach",
      "scope_char": "L",
      "sector_id": "1L"
    },
    "MMU_TWR": {
      "frequency": 118100,
      "full_name": "Morristown tower",
      "scope_char": "T",
      "sector_id": "4K"
    },
    "NY_CTR": {
      "frequency": 125325,
      "full_name": "New York center",
      "scope_char": "C",
      "sector_id": "N56"
    },
    "NY_LE_DEP": {
      "frequency": 126800,
      "full_name": "New York departure",
      "scope_char": "E",
      "sector_id": "5E"
    },
    "NY_LN_DEP": {
      "frequency": 118170,
      "full_name": "New York departure",
      "scope_char": "T",
      "sector_id": "5T"
    },
    "NY_LS_DEP": {
      "frequency": 124750,
      "full_name": "New York departure",
      "scope_char": "S",
      "sector_id": "5S"
    },
    "NY_LW_DEP": {
      "frequency": 120850,
      "full_name": "New York departure",
      "scope_char": "W",
      "sector_id": "5W"
    },
    "PHL_NA_APP": {
      "frequency": 128400,
      "full_name": "Philly approach",
      "scope_char": "N",
      "sector_id": "6N"
    },
    "TEB_TWR": {
      "frequency": 119500,
      "full_name": "Teterboro tower",
      "scope_char": "T",
      "sector_id": "4J"
    },
    "WRI_APP": {
      "frequency": 126470,
      "full_name": "McGuire approach",
      "scope_char": "Y",
      "sector_id": "MY"
    }
  },
  "default_scenario": "KEWR Depart 22R Land 22L",
  "fixes": {
    "_CDW_10": "N040.52.37.814,W074.17.12.769",
    "_CDW_22": "N040.52.43.252,W074.16.41.623",
    "_CDW_28": "N040.52.42.030,W074.16.24.677",
    "_CDW_4": "N040.52.03.893,W074.17.10.709",
    "_EWR4_22Ra": "N040.38.28.969,W074.10.11.993",
    "_EWR4_4La": "N040.45.33.714,W074.05.08.743",
    "_EWR_11": "N040.42.10.096,W074.10.50.473",
    "_EWR_22L": "N040.42.05.592,W074.09.32.827",
    "_EWR_22R": "N040.42.04.246,W074.09.47.603",
    "_EWR_29": "N040.42.04.259,W074.09.22.527",
    "_EWR_4L": "N040.40.45.790,W074.10.36.795",
    "_EWR_4R": "N040.40.39.678,W074.10.27.566",
    "_MMU_13": "N040.48.03.306,W074.25.28.390",
    "_MMU_23": "N040.48.23.233,W074.24.23.159",
    "_MMU_31": "N040.47.47.486,W074.24.40.957",
    "_MMU_5": "N040.47.35.044,W074.25.09.274",
    "_TEB4_1a": "N040.53.33.995,W074.02.07.249",
    "_TEB_1": "N040.50.19.152,W074.03.37.501",
    "_TEB_19": "N040.51.28.119,W074.03.32.091",
    "_TEB_24": "N040.51.27.762,W074.03.14.842",
    "_TEB_6": "N040.50.48.376,W074.04.13.509"
  },
  "inhibit_ca_volumes": [
      {
          "name": "EWR NO CA",
          "type": "circle",
          "floor": 0,
          "ceiling": 1200,
          "radius": 2,
          "center": "KEWR"
      }
  ],
  "magnetic_variation": 13.3,
  "name": "KEWR",
  "nm_per_latitude": 60,
  "nm_per_longitude": 45,
  "primary_airport": "KEWR",
  "radar_sites": {
    "EWR": {
      "char": "E",
      "position": "KEWR",
      "elevation": 136,
      "primary_range": 60,
      "secondary_range": 120,
      "silence_angle": 30,
      "slope_angle": 0.175
    },
    "HPN": {
      "char": "H",
      "position": "KHPN",
      "elevation": 708,
      "primary_range": 60,
      "secondary_range": 120,
      "silence_angle": 30,
      "slope_angle": 0.175
    },
    "ISP": {
      "char": "I",
      "position": "KISP",
      "elevation": 185,
      "primary_range": 60,
      "secondary_range": 120,
      "silence_angle": 30,
      "slope_angle": 0.175
    },
    "JFK": {
      "char": "J",
      "position": "KJFK",
      "elevation": 143,
      "primary_range": 60,
      "secondary_range": 120,
      "silence_angle": 30,
      "slope_angle": 0.175
    },
    "SWF": {
      "char": "S",
      "position": "KSWF",
      "elevation": 972,
      "primary_range": 60,
      "secondary_range": 120,
      "silence_angle": 30,
      "slope_angle": 0.175
    }
  },
  "reporting_points": [
      "CAMMO",
      "CYN",
      "DYLIN",
      "FLOSI",
      "GXU",
      "HARTY",
      "HELON",
      "HUO",
      "MAZIE",
      "MERSR",
      "MUGZY",
      "PENNS",
      "PHLBO",
      "RBV",
      "SAX",
      "SOMTO",
      "WACKI"
  ],
  "scenarios": {
    "KEWR Depart 22R": {
      "solo_controller": "EWR_DEP",
      "controllers": [
        "EWR_DEP",
        "EWR_APP",
        "LGA_DEP",
        "LGA_APP",
        "NY_CTR",
        "DC_CTR",
        "BOS_CTR",
        "EWR_TWR",
        "TEB_TWR",
        "MMU_TWR",
        "CDW_TWR",
        "NY_LE_DEP",
        "NY_LW_DEP",
        "NY_LN_DEP",
        "NY_LS_DEP"
      ],
      "default_map": "EWR",
      "departure_runways": [
        {
          "airport": "KEWR",
          "rate": 20,
          "runway": "22R"
        },
        {
          "airport": "KTEB",
          "rate": 10,
          "runway": "24"
        }
      ],
      "wind": {
        "direction": 220,
        "gust": 13,
        "speed": 7
      }
    },
    "KEWR Depart 22R Land 22L": {
      "arrival_runways": [
        {
          "airport": "KEWR",
          "runway": "22L"
        },
        {
          "airport": "KTEB",
          "runway": "19"
        }
      ],
      "arrivals": {
        "COATE": {
          "KTEB": 2
        },
        "FLOSI4": {
          "KEWR": 5
        },
        "FQM3": {
          "KEWR": 10
        },
        "LVZ4": {
          "KTEB": 2
        },
        "MAZIE3": {
          "KTEB": 2
        },
        "PHL": {
          "KEWR": 2
        },
        "PHLBO4": {
          "KEWR": 10
        },
        "WRI": {
          "KEWR": 2
        }
      },
      "solo_controller": "EWR_APP",
      "controllers": [
        "EWR_APP",
        "LGA_DEP",
        "LGA_APP",
        "NY_CTR",
        "DC_CTR",
        "BOS_CTR",
        "EWR_TWR",
        "TEB_TWR",
        "MMU_TWR",
        "CDW_TWR",
        "NY_LE_DEP",
        "NY_LW_DEP",
        "NY_LN_DEP",
        "NY_LS_DEP",
        "ABE_APP",
        "PHL_NA_APP",
        "WRI_APP"
      ],
      "default_map": "EWR",
      "departure_runways": [
        {
          "airport": "KEWR",
          "rate": 20,
          "runway": "22R"
        },
        {
          "airport": "KTEB",
          "rate": 5,
          "runway": "24"
        }
      ],
      "wind": {
        "direction": 220,
        "gust": 13,
        "speed": 7
      }
    },
    "KEWR Depart 4L": {
      "solo_controller": "EWR_DEP",
      "controllers": [
        "EWR_DEP",
        "EWR_APP",
        "LGA_DEP",
        "LGA_APP",
        "NY_CTR",
        "DC_CTR",
        "BOS_CTR",
        "EWR_TWR",
        "TEB_TWR",
        "MMU_TWR",
        "CDW_TWR",
        "NY_LE_DEP",
        "NY_LW_DEP",
        "NY_LN_DEP",
        "NY_LS_DEP"
      ],
      "default_map": "EWR",
      "departure_runways": [
        {
          "airport": "KEWR",
          "rate": 20,
          "runway": "4L"
        },
        {
          "airport": "KTEB",
          "rate": 10,
          "runway": "1"
        }
      ],
      "wind": {
        "direction": 30,
        "gust": 9,
        "speed": 4
      }
    },
    "KEWR Depart 4L Land 4R": {
      "arrival_runways": [
        {
          "airport": "KEWR",
          "runway": "4R"
        },
        {
          "airport": "KTEB",
          "runway": "6"
        }
      ],
      "arrivals": {
        "COATE": {
          "KTEB": 2
        },
        "FLOSI4": {
          "KEWR": 5
        },
        "FQM3": {
          "KEWR": 10
        },
        "LVZ4": {
          "KTEB": 2
        },
        "MAZIE3": {
          "KTEB": 2
        },
        "PHL": {
          "KEWR": 2
        },
        "PHLBO4": {
          "KEWR": 10
        },
        "WRI": {
          "KEWR": 2
        }
      },
      "solo_controller": "EWR_APP",
      "controllers": [
        "EWR_APP",
        "LGA_DEP",
        "LGA_APP",
        "NY_CTR",
        "DC_CTR",
        "BOS_CTR",
        "EWR_TWR",
        "TEB_TWR",
        "MMU_TWR",
        "CDW_TWR",
        "NY_LE_DEP",
        "NY_LW_DEP",
        "NY_LN_DEP",
        "NY_LS_DEP",
        "ABE_APP",
        "PHL_NA_APP",
        "WRI_APP"
      ],
      "default_map": "EWR",
      "departure_runways": [
        {
          "airport": "KEWR",
          "rate": 20,
          "runway": "4L"
        },
        {
          "airport": "KTEB",
          "rate": 5,
          "runway": "1"
        }
      ],
      "wind": {
        "direction": 220,
        "gust": 13,
        "speed": 7
      }
    },
    "KEWR Land 22L - ARD": {
      "arrival_runways": [
        {
          "airport": "KEWR",
          "runway": "22L"
        }
      ],
      "arrivals": {
        "FQM3": {
          "KEWR": 15
        },
        "PHL": {
          "KEWR": 3
        },
        "PHLBO4": {
          "KEWR": 15
        },
        "WRI": {
          "KEWR": 3
        }
      },
      "solo_controller": "EWR_P_APP",
      "controllers": [
        "EWR_A_APP",
        "EWR_P_APP",
        "EWR_U_APP",
        "EWR_DEP",
        "NY_CTR",
        "DC_CTR",
        "BOS_CTR",
        "EWR_TWR",
        "TEB_TWR",
        "MMU_TWR",
        "CDW_TWR"
      ],
      "default_map": "EWR",
      "wind": {
        "direction": 220,
        "gust": 13,
        "speed": 7
      }
    },
    "KEWR Land 22L - NOA + FINAL": {
      "arrival_runways": [
        {
          "airport": "KEWR",
          "runway": "22L"
        }
      ],
      "arrivals": {
        "FLOSI4": {
          "KEWR": 10
        },
        "South": {
          "KEWR": 15
        }
      },
      "solo_controller": "EWR_A_APP",
      "controllers": [
        "EWR_A_APP",
        "EWR_P_APP",
        "EWR_U_APP",
        "EWR_DEP",
        "NY_CTR",
        "DC_CTR",
        "BOS_CTR",
        "EWR_TWR",
        "TEB_TWR",
        "MMU_TWR",
        "CDW_TWR"
      ],
      "default_map": "EWR",
      "wind": {
        "direction": 220,
        "gust": 13,
        "speed": 7
      }
    },
    "KEWR Land 4R - ARD + FINAL": {
      "arrival_runways": [
        {
          "airport": "KEWR",
          "runway": "4R"
        }
      ],
      "arrivals": {
        "North": {
          "KEWR": 10
        },
        "PHLBO4": {
          "KEWR": 15
        }
      },
      "solo_controller": "EWR_P_APP",
      "controllers": [
        "EWR_A_APP",
        "EWR_P_APP",
        "EWR_U_APP",
        "EWR_DEP",
        "NY_CTR",
        "DC_CTR",
        "BOS_CTR",
        "EWR_TWR",
        "TEB_TWR",
        "MMU_TWR",
        "CDW_TWR"
      ],
      "default_map": "EWR",
      "wind": {
        "direction": 220,
        "gust": 13,
        "speed": 7
      }
    },
    "KEWR Land 4R - NOA": {
      "arrival_runways": [
        {
          "airport": "KEWR",
          "runway": "4R"
        }
      ],
      "arrivals": {
        "FLOSI4": {
          "KEWR": 10
        },
        "FQM3": {
          "KEWR": 15
        }
      },
      "solo_controller": "EWR_A_APP",
      "controllers": [
        "EWR_A_APP",
        "EWR_P_APP",
        "EWR_U_APP",
        "EWR_DEP",
        "NY_CTR",
        "DC_CTR",
        "BOS_CTR",
        "EWR_TWR",
        "TEB_TWR",
        "MMU_TWR",
        "CDW_TWR"
      ],
      "default_map": "EWR",
      "wind": {
        "direction": 30,
        "gust": 0,
        "speed": 7
      }
    }
  },
  "scratchpads": {
    "BAYYS": "BAY",
    "BDR": "BDR",
    "BIGGY": "BIG",
    "BREZY": "BRE",
    "COATE": "COA",
    "DIXIE": "DIX",
    "ELIOT": "ELI",
    "GAYEL": "GAY",
    "GREKI": "GRE",
    "HAAYS": "HAY",
    "LANNA": "LAN",
    "MERIT": "MER",
    "NEION": "NEI",
    "NEWEL": "NWL",
    "None": null,
    "PARKE": "PAR",
    "SAX": "SAX",
    "SBJ": "SBJ",
    "SHIPP": "SHI",
    "WAVEY": "WAV",
    "WHITE": "WHI",
    "ZIMMZ": "ZIM"
  },
  "stars_maps": [
    {
      "group": 0,
      "label": "EWR",
      "name": "EWR"
    },
    {
      "group": 0,
      "label": "EWR SAT",
      "name": "EWR Satellites"
    },
    {
      "group": 0,
      "label": "EWR CRDA",
      "name": "EWR CRDA"
    },
    {
      "group": 1,
      "label": "NY B",
      "name": "N90 CLASS B"
    },
    {
      "group": 1,
      "label": "MVA",
      "name": "N90 MVA"
    },
    {
      "group": 0,
      "label": "JFK4",
      "name": "JFK 4s"
    },
    {
      "group": 0,
      "label": "JFK13",
      "name": "JFK 13s"
    },
    {
      "group": 0,
      "label": "JFK22",
      "name": "JFK 22s"
    },
    {
      "group": 0,
      "label": "JFK31",
      "name": "JFK 31s"
    },
    {
      "group": 0,
      "label": "JFK22 ILS",
      "name": "JFK ILS 22s"
    },
    {
      "group": 0,
      "label": "JFK31 NTZ",
      "name": "JFK 31s NTZ"
    },
    {
      "group": 0,
      "label": "LGA",
      "name": "LGA"
    },
    {
      "group": 0,
      "label": "LIB D",
      "name": "LIB Departure"
    },
    {
      "group": 0,
      "label": "LIB C",
      "name": "LIB Catskill"
    }
  ],
  "video_map_file": "videomaps/n90-maps.json.zst"
}
