{
  "airports": {
    "KJAX": {
      "approaches": {
        "I8": {
          "full_name": "ILS 8",
          "runway": "08",
          "type": "ILS",
          "waypoints": [
            "LIBBY/a2000 DINNS/a1900 _JAX_08/a30"
          ]
        },
        "RZ8": {
          "full_name": "RNAV Z 8",
          "runway": "08",
          "type": "RNAV",
          "waypoints": [
            "UDAQI/a2000/hilpt/nopt180 IVTEF/a1900 _JAX_08/a30",
            "ZOLUV/a2000/nopt UDAQI/a2000/hilpt/nopt180 IVTEF/a1900 _JAX_08/a30",
            "IJAYU/a2000/nopt UDAQI/a2000/hilpt/nopt180 IVTEF/a1900 _JAX_08/a30"
          ]
        },
        "I14": {
          "full_name": "ILS 14",
          "runway": "14",
          "type": "ILS",
          "waypoints": [
            "BIGGS/a6000 ZIDSO/a4000 HAMOC/a1900 SONIA/a1700 KUYER/a480 _JAX_14/a27"
          ]
        },
        "R14": {
          "full_name": "RNAV 14",
          "runway": "14",
          "type": "RNAV",
          "waypoints": [
            "OSBAJ/a2000/hilpt/nopt180 WOLQU/a1700 _JAX_14/a27",
            "JIXOL/a2000/nopt OSBAJ/a2000/hilpt/nopt180 WOLQU/a1700 _JAX_14/a27",
            "ZUDLI/a2000/nopt OSBAJ/a2000/hilpt/nopt180 WOLQU/a1700 _JAX_14/a27"
          ]
        },
        "I26": {
          "full_name": "ILS 26",
          "runway": "26",
          "type": "ILS",
          "waypoints": [
            "TIKRY/a2000 DALTN/a1600 ZETRI/a480 _JAX_26/a27"
          ]
        },
        "R26": {
          "full_name": "RNAV 26",
          "runway": "26",
          "type": "RNAV",
          "waypoints": [
            "YEJWO/a2000/hilpt/nopt180 WOQTA/a1600 ZALDU/a740 _JAX_26/a27",
            "CUSIB/a2000/nopt YEJWO/a2000/hilpt WOQTA/a1600 ZALDU/a740 _JAX_26/a27",
            "ZIXIL/a2000/nopt YEJWO/a2000/hilpt WOQTA/a1600 ZALDU/a740 _JAX_26/a27"
          ]
        },
        "R32": {
          "full_name": "RNAV 32",
          "runway": "32",
          "type": "RNAV",
          "waypoints": [
            "BUNDE/a2100 POTME/a2100 FIVOX/a1700 YUSKU/a740 _JAX_32/a27",
            "POTME/a2100 FIVOX/a1700 YUSKU/a740 _JAX_32/a28"
          ]
        }
      },
      "approach_regions": {
        "08": {
          "heading_tolerance": 90,
          "near_distance": 5,
          "near_half_width": 3,
          "far_half_width": 6,
          "region_length": 30,
          "descent_distance": 10,
          "descent_altitude": 1900,
          "above_altitude_tolerance": 2000,
          "below_altitude_tolerance": 1000,
          "reference_point": "30.49623,-81.70001",
          "reference_heading": 77,
          "reference_length": 30,
          "reference_altitude": 0
        },
        "14": {
          "heading_tolerance": 90,
          "near_distance": 5,
          "far_half_width": 6,
          "near_half_width": 3,
          "region_length": 30,
          "descent_distance": 10,
          "descent_altitude": 1700,
          "above_altitude_tolerance": 2000,
          "below_altitude_tolerance": 1000,
          "reference_point": "30.49219,-81.70088",
          "reference_heading": 137,
          "reference_length": 30,
          "reference_altitude": 0
        },
        "26": {
          "heading_tolerance": 90,
          "near_distance": 5,
          "near_half_width": 3,
          "far_half_width": 6,
          "region_length": 25,
          "descent_distance": 10,
          "descent_altitude": 1500,
          "above_altitude_tolerance": 2000,
          "below_altitude_tolerance": 1000,
          "reference_point": "30.50539,-81.67000",
          "reference_heading": 257,
          "reference_length": 25,
          "reference_altitude": 0
        },
        "32": {
          "heading_tolerance": 90,
          "near_distance": 5,
          "far_half_width": 6,
          "near_half_width": 3,
          "region_length": 25,
          "descent_distance": 10,
          "descent_altitude": 1500,
          "above_altitude_tolerance": 2000,
          "below_altitude_tolerance": 1000,
          "reference_point": "30.47840,-81.68227",
          "reference_heading": 317,
          "reference_length": 25,
          "reference_altitude": 0
        }
      },
      "converging_runways": [
        {
          "runways": [
            "08",
            "14"
          ],
          "leader_directions": [
            "N",
            "N"
          ],
          "tie_symbol": "/",
          "stagger_symbol": "0",
          "tie_offset": 2.5
        },
        {
          "runways": [
            "26",
            "32"
          ],
          "leader_directions": [
            "N",
            "N"
          ],
          "tie_symbol": "/",
          "stagger_symbol": "0",
          "tie_offset": 2.5
        }
      ],
      "departure_routes": {
        "08": {
          "AMG,BAXLY": {
            "cleared_altitude": 3000,
            "route": "BRSTL1",
            "waypoints": "_JAX_08 _JAX_26/h077 TEREE BRSTL"
          },
          "WISPR": {
            "cleared_altitude": 3000,
            "route": "CROSB2",
            "waypoints": "_JAX_08 _JAX_26/h077 GIGLZ CROSB"
          },
          "EXBOX,OMN": {
            "cleared_altitude": 3000,
            "route": "EXBOX2",
            "waypoints": "_JAX_08 _JAX_26/h077 SAWGY"
          },
          "CAPPS": {
            "cleared_altitude": 3000,
            "route": "JETIN",
            "waypoints": "_JAX_08 _JAX_26/h077 DURTE JETIN ELAGE ZOOSS"
          },
          "JAYJA": {
            "cleared_altitude": 3000,
            "route": "JETIN2",
            "waypoints": "_JAX_08 _JAX_26/h077 DURTE JETIN FELTZ"
          },
          "SAWGY": {
            "cleared_altitude": 3000,
            "route": "SAWGY3",
            "waypoints": "_JAX_08 _JAX_26/h077 CRG SAWGY"
          }
        },
        "26": {
          "AMG,BAXLY": {
            "cleared_altitude": 3000,
            "route": "BRSTL1",
            "waypoints": "_JAX_26 _JAX_08/h260 TEREE BRSTL"
          },
          "WISPR": {
            "cleared_altitude": 3000,
            "route": "CROSB2",
            "waypoints": "_JAX_26 _JAX_08/h260 GIGLZ CROSB"
          },
          "EXBOX,OMN": {
            "cleared_altitude": 3000,
            "route": "EXBOX2",
            "waypoints": "_JAX_26 _JAX_08/h260 SAWGY"
          },
          "CAPPS": {
            "cleared_altitude": 3000,
            "route": "JETIN",
            "waypoints": "_JAX_26 _JAX_08/h260 DURTE JETIN ELAGE ZOOSS"
          },
          "JAYJA": {
            "cleared_altitude": 3000,
            "route": "JETIN2",
            "waypoints": "_JAX_26 _JAX_08/h260 DURTE JETIN FELTZ"
          },
          "SAWGY": {
            "cleared_altitude": 3000,
            "route": "SAWGY3",
            "waypoints": "_JAX_26 _JAX_08/h260 CRG SAWGY"
          }
        }
      },
      "departures": [
        {
          "airlines": [
            {
              "icao": "FFT"
            },
            {
              "icao": "UPS"
            }
          ],
          "destination": "TJSJ",
          "exit": "EXBOX",
          "route": "EXBOX PRMUS DEBRL ATTIK Y585 BEERD Y185 VENDS Y306 HAGIT Y290 BEANO"
        },
        {
          "airlines": [
            {
              "icao": "UPS"
            },
            {
              "icao": "AAL"
            },
            {
              "icao": "FFT"
            },
            {
              "icao": "JIA"
            }
          ],
          "destination": "KPHL",
          "exit": "WISPR",
          "route": "WISPR JROSS BARTL J121 SWL JIIMS3"
        },
        {
          "airlines": [
            {
              "icao": "EDV"
            },
            {
              "icao": "JBU"
            }
          ],
          "destination": "KJFK",
          "exit": "WISPR",
          "route": "WISPR JROSS BARTL J121 SIE CAMRN4"
        },
        {
          "airlines": [
            {
              "icao": "SWA"
            },
            {
              "icao": "AAY"
            }
          ],
          "destination": "KBNA",
          "exit": "AMG",
          "route": "AMG YANTI THRSR WESSN JAGIR SWFFT2"
        },
        {
          "airlines": [
            {
              "icao": "UAL",
              "fleet": "short"
            },
            {
              "icao": "FFT"
            }
          ],
          "destination": "KDEN",
          "exit": "AMG",
          "route": "AMG YANTI GIFFY WONEE WRIGL OATHE CLASH4"
        },
        {
          "airlines": [
            {
              "icao": "AAL",
              "fleet": "short"
            },
            {
              "icao": "UAL",
              "fleet": "short"
            }
          ],
          "destination": "KORD",
          "exit": "AMG",
          "route": "AMG THRSR Q118 KAILL Q118 VOSTK Q118 HEVAN BONNT VEECK5"
        },
        {
          "airlines": [
            {
              "icao": "ASH"
            },
            {
              "icao": "UAL",
              "fleet": "short"
            }
          ],
          "destination": "KIAH",
          "exit": "CAPPS",
          "route": "CAPPS CABLO DEFUN J2 SJI NNCEE1"
        },
        {
          "airlines": [
            {
              "icao": "UPS"
            },
            {
              "icao": "SCX"
            }
          ],
          "destination": "KRSW",
          "exit": "JAYJA",
          "route": "JAYJA INPIN SHFTY5"
        },
        {
          "airlines": [
            {
              "icao": "AAL",
              "fleet": "short"
            }
          ],
          "destination": "KDFW",
          "exit": "CAPPS",
          "route": "CAPPS CABLO DEFUN J2 CEW KH06M MCB PNUTS BEREE2"
        },
        {
          "airlines": [
            {
              "icao": "SWA"
            }
          ],
          "destination": "KBWI",
          "exit": "WISPR",
          "route": "WISPR JROSS MULLS J79 TYI JAGEM THHMP RAVNN6"
        },
        {
          "airlines": [
            {
              "icao": "ENY"
            },
            {
              "fleet": "short",
              "icao": "AAL"
            }
          ],
          "destination": "KMIA",
          "exit": "EXBOX",
          "route": "EXBOX PRMUS DEBRL CSTAL2"
        },
        {
          "airlines": [
            {
              "icao": "JBU"
            },
            {
              "icao": "SIL"
            },
            {
              "fleet": "short",
              "icao": "UAL"
            }
          ],
          "destination": "KFLL",
          "exit": "EXBOX",
          "route": "EXBOX PRMUS CUUDA2"
        },
        {
          "airlines": [
            {
              "fleet": "short",
              "icao": "DAL"
            },
            {
              "icao": "SWA"
            }
          ],
          "destination": "KMCO",
          "exit": "BAXLY",
          "route": "BAXLY LAIRI LARZZ SITTH2"
        },
        {
          "airlines": [
            {
              "icao": "SWA"
            },
            {
              "icao": "AAY"
            }
          ],
          "destination": "KBNA",
          "exit": "AMG",
          "route": "AMG YANTI THRSR WESSN JAGIR SWFFT2"
        }
      ],
      "exit_categories": {
        "AMG": "North",
        "BAXLY": "North",
        "WISPR": "North",
        "EXBOX": "South",
        "CAPPS": "West",
        "JAYJA": "West",
        "SAWGY": "South"
      },
      "location": "N30.29.38.517,W81.41.16.247",
      "tower_list": 1
    }
  },
  "airspace": {
    "boundaries": {
      "JAXS": [
        "N29.22.49.948,W81.31.09.942",
        "N29.22.49.939,W81.31.19.995",
        "N29.24.03.081,W81.33.50.721",
        "N29.24.09.067,W81.36.01.892",
        "N29.23.31.800,W81.38.06.072",
        "N29.22.54.939,W81.39.03.951",
        "N29.23.00.450,W82.01.27.669",
        "N29.22.00.451,W82.02.58.125",
        "N29.43.45.966,W82.14.01.482",
        "N30.02.59.758,W82.16.59.652",
        "N29.47.59.933,W82.39.59.900",
        "N29.47.59.553,W82.53.59.832",
        "N29.12.13.881,W82.52.44.652",
        "N28.44.29.965,W82.42.59.877",
        "N28.37.59.661,W82.02.29.619",
        "N28.43.47.254,W81.56.26.082",
        "N28.51.35.837,W81.46.41.888",
        "N28.59.59.200,W81.42.29.560",
        "N28.59.59.087,W81.29.59.106",
        "N29.12.29.051,W81.29.58.139"
      ],
      "JAXN": [
        "N29.22.49.954,W81.31.09.954",
        "N29.22.50.850,W81.31.18.929",
        "N29.24.03.051,W81.33.50.417",
        "N29.24.08.727,W81.36.01.318",
        "N29.23.31.658,W81.38.06.099",
        "N29.22.54.804,W81.39.03.901",
        "N29.23.00.943,W82.01.28.079",
        "N29.22.00.769,W82.02.58.867",
        "N29.43.44.769,W82.14.01.295",
        "N30.43.26.732,W82.22.57.833",
        "N30.59.56.241,W82.10.55.798",
        "N30.59.56.200,W81.36.04.455",
        "N30.53.47.330,W81.19.17.903",
        "N30.39.45.151,W81.12.55.263",
        "N30.35.55.519,W80.57.36.685",
        "N29.51.16.953,W81.01.40.132",
        "N29.49.23.464,W81.33.57.401",
        "N29.49.22.980,W81.33.58.657",
        "N29.22.49.881,W81.31.09.924",
        "N29.22.48.935,W81.31.17.479",
        "N29.12.21.069,W81.29.53.802"
      ]
    },
    "volumes": {
      "JAX_N_APP": [
        {
          "boundaries": [
            "JAXN"
          ],
          "lower": 0,
          "upper": 15000
        },
        {
          "boundaries": [
            "JAXS"
          ],
          "lower": 0,
          "upper": 10000
        }
      ]
    }
  },
  "arrival_groups": {
    "LUNNI1": [
      {
        "airlines": {
          "KJAX": [
            {
              "airport": "KPHL",
              "icao": "SKW"
            },
            {
              "airport": "KPHL",
              "fleet": "short",
              "icao": "AAL"
            },
            {
              "airport": "KJFK",
              "fleet": "short",
              "icao": "DAL"
            },
            {
              "airport": "KJFK",
              "fleet": "short",
              "icao": "AAL"
            },
            {
              "airport": "KJFK",
              "icao": "JBU"
            },
            {
              "airport": "KBOS",
              "icao": "JBU"
            },
            {
              "airport": "KLGA",
              "icao": "JBU"
            }
          ]
        },
        "cleared_altitude": 10000,
        "initial_altitude": 12000,
        "initial_controller": "JAX_30_CTR",
        "initial_speed": 250,
        "route": "/. LUNNI1",
        "runway_waypoints": {
          "08": "LUNNI/a10000/s250 SAVAE/a6000 PENSE/a4000/s210 RUMEE/h257",
          "14": "LUNNI/a10000/s250 WADIG/a5000/s230 DEDDA/a3000/s210",
          "26": "LUNNI/a8000/s250 LAYON/a3000/s210",
          "32": "LUNNI/a8000/s250 SSAWW/a7000/s230 ZAXIT/a4000/s210 PALSY PEPIE/h137"
        },
        "waypoints": "GOTBE/ho LUNNI/a10000/s250"
      }
    ],
    "MARQO2": [
      {
        "airlines": {
          "KJAX": [
            {
              "airport": "KLAX",
              "icao": "JBU"
            },
            {
              "airport": "KLAX",
              "fleet": "short",
              "icao": "AAL"
            },
            {
              "airport": "KLAX",
              "fleet": "short",
              "icao": "DAL"
            },
            {
              "airport": "KDFW",
              "fleet": "short",
              "icao": "AAL"
            },
            {
              "airport": "KDFW",
              "icao": "SKW"
            },
            {
              "airport": "KDAL",
              "icao": "SWA"
            },
            {
              "airport": "KHOU",
              "icao": "SWA"
            },
            {
              "airport": "KIAH",
              "fleet": "short",
              "icao": "UAL"
            },
            {
              "airport": "KIAH",
              "icao": "SKW"
            }
          ]
        },
        "cleared_altitude": 10000,
        "initial_altitude": 12000,
        "initial_controller": "JAX_30_CTR",
        "initial_speed": 250,
        "route": "/. MARQO2",
        "runway_waypoints": {
          "08": "COROE/a9000/s250 NATII/a5000/s230 GUTTY/a3000/s210/h103",
          "14": "COROE/a9000/s250 TASCH/a5000 GWIIZ/a5000 DIPDE/a3000/s210 ",
          "26": "COROE/a9000/s250 GWIIZ/a5000 EGAGE/a4000/s210 NOMTE OLEKE/h077",
          "32": "COROE/a9000/s250 GWIIZ/a5000 HITTS ACENE/a4000/s210 CALIM PEPIE/h137"
        },
        "waypoints": "MARQO/ho COROE/a9000/s250"
      }
    ],
    "OHDEA1": [
      {
        "airlines": {
          "KJAX": [
            {
              "airport": "KATL",
              "fleet": "short",
              "icao": "DAL"
            },
            {
              "airport": "KATL",
              "icao": "SWA"
            },
            {
              "airport": "KBNA",
              "icao": "AAY"
            },
            {
              "airport": "KMEM",
              "icao": "FDX"
            },
            {
              "airport": "KORD",
              "icao": "AAL",
              "fleet": "short"
            },
            {
              "airport": "KORD",
              "icao": "UAL",
              "fleet": "short"
            },
            {
              "airport": "KMDW",
              "icao": "SWA"
            },
            {
              "airport": "KSDF",
              "icao": "UPS"
            },
            {
              "airport": "KCVG",
              "fleet": "short",
              "icao": "DAL"
            }
          ]
        },
        "cleared_altitude": 10000,
        "initial_altitude": 12000,
        "initial_controller": "JAX_30_CTR",
        "initial_speed": 250,
        "route": "/. OHDEA1",
        "runway_waypoints": {
          "08": "KIPLE/a10000/s250 KITZO/a5000/s230 CEDOT/a3000/s210/h150",
          "14": "KIPLE MAHKA/a5000/s230 ORTAR/a3000/s210/h145",
          "26": "KIPLE MATLL/a6000/s230 NANAA/a4000/s210 NOMTE OLEKE/h077",
          "32": "KIPLE NAMPE/a6000/s230 ACENE/a4000/s230 CALIM PEPIE/h137"
        },
        "waypoints": "FORMB/a11000/ho OHDEA KIPLE/a10000/s250"
      }
    ],
    "QUBEN1": [
      {
        "airlines": {
          "KJAX": [
            {
              "airport": "KMIA",
              "icao": "AAL"
            },
            {
              "airport": "KFLL",
              "icao": "JBU"
            },
            {
              "airport": "KFLL",
              "icao": "NKS"
            }
          ]
        },
        "cleared_altitude": 13000,
        "initial_altitude": 15000,
        "initial_controller": "JAX_30_CTR",
        "initial_speed": 250,
        "route": "/. QUBEN1",
        "runway_waypoints": {
          "08": "BETLE/a5000/s230 PLANK WADOR/a3000/s210/h346",
          "14": "BETLE/a5000/s230 PLANK EYLND/a4000/s210 KRISO/a3000 DUNTE JAKRU/h317",
          "26": "BETLE/a5000/s230 GUTNE/a4000/s210 CLART/h084",
          "32": "BETLE/a5000/s230 GURDE/a3000/s210/h023"
        },
        "waypoints": "SHINR/a16000/ho POGIE/a13000 QUBEN/a10000/s250 BETLE/a5000/s230"
      }
    ],
    "TEBOW1": [
      {
        "airlines": {
          "KJAX": [
            {
              "airport": "KTPA",
              "icao": "UAL"
            },
            {
              "airport": "KRSW",
              "icao": "SWA"
            },
            {
              "airport": "KMCO",
              "icao": "FFT"
            },
            {
              "airport": "KMIA",
              "icao": "ENY"
            }
          ]
        },
        "cleared_altitude": 10000,
        "initial_altitude": 12000,
        "initial_controller": "JAX_30_CTR",
        "initial_speed": 250,
        "route": "/. TEBOW1",
        "runway_waypoints": {
          "08": "TEBOW/a11000 JERZI/a5000/s230 FAROT/a3000/s210/h038",
          "14": "TEBOW/a11000 GRRAS/a6000 KAYEM/a4000/s210 DUNTE JAKRU/h317",
          "26": "TEBOW/a11000 BETLE/a7000/s230 GUTNE/a4000/s210 CLART/h084",
          "32": "TEBOW/a11000 BETLE/a7000/s230 GURDE/a3000/s210/h023"
        },
        "waypoints": "HILIS/a17000/s280 FABES/a13000/ho TEBOW/a11000"
      }
    ]
  },
  "center": "KJAX",
  "control_positions": {
    "JAX_30_CTR": {
      "frequency": 135925,
      "full_name": "Jacksonville center",
      "scope_char": "C",
      "sector_id": "30"
    },
    "MCO_E_APP": {
      "frequency": 124800,
      "full_name": "Orlando approach",
      "scope_char": "E",
      "sector_id": "4E"
    },
    "DAB_H_APP": {
      "frequency": 125725,
      "full_name": "Daytona Beach approach",
      "scope_char": "H",
      "sector_id": "5H"
    },
    "JAX_N_APP": {
      "frequency": 127000,
      "full_name": "Jacksonville approach",
      "scope_char": "N",
      "sector_id": "3N"
    },
    "JAX_W_APP": {
      "frequency": 127775,
      "full_name": "Jacksonville approach",
      "scope_char": "W",
      "sector_id": "3W"
    },
    "JAX_E_APP": {
      "frequency": 132775,
      "full_name": "Jacksonville approach",
      "scope_char": "E",
      "sector_id": "3E"
    },
    "JAX_R_APP": {
      "frequency": 119000,
      "full_name": "Jacksonville approach",
      "scope_char": "R",
      "sector_id": "3R"
    },
    "JAX_J_APP": {
      "frequency": 119850,
      "full_name": "Jacksonville approach",
      "scope_char": "J",
      "sector_id": "3J"
    },
    "JAX_S_APP": {
      "frequency": 120750,
      "full_name": "Jacksonville approach",
      "scope_char": "S",
      "sector_id": "3S"
    },
    "JAX_V_APP": {
      "frequency": 118600,
      "full_name": "Jacksonville approach",
      "scope_char": "V",
      "sector_id": "3V"
    },
    "JAX_TWR": {
      "frequency": 118300,
      "full_name": "Jacksonville tower",
      "scope_char": "T",
      "sector_id": "3JT"
    }
  },
  "default_scenario": "KJAX East",
  "fixes": {
    "KJAX": "N30.29.38.597,W81.41.16.018",
    "_JAX_08": "N30.29.46.268,W81.41.59.776",
    "_JAX_14": "N30.29.31.829,W81.42.02.982",
    "_JAX_26": "N30.30.19.359,W81.40.12.108",
    "_JAX_32": "N30.28.42.242,W81.40.56.148"
  },
  "magnetic_variation": 5,
  "name": "KJAX",
  "nm_per_latitude": 60,
  "nm_per_longitude": 52,
  "primary_airport": "KJAX",
  "radar_sites": {
    "JAX": {
      "char": "J",
      "position": "30.49333,-81.69267",
      "elevation": 140,
      "primary_range": 60,
      "secondary_range": 60,
      "slope_angle": 0.175,
      "silence_angle": 15
    },
    "GNV": {
      "char": "G",
      "position": "29.41514,-82.23247",
      "elevation": 155,
      "primary_range": 60,
      "secondary_range": 60,
      "slope_angle": 0.175,
      "silence_angle": 15
    },
    "ZNEN": {
      "char": "N",
      "position": "30.34600,-81.87397",
      "elevation": 125,
      "primary_range": 250,
      "secondary_range": 250,
      "slope_angle": 0.175,
      "silence_angle": 15
    },
    "ZCTY": {
      "char": "C",
      "position": "29.74403,-83.00106",
      "elevation": 150,
      "primary_range": 250,
      "secondary_range": 250,
      "slope_angle": 0.175,
      "silence_angle": 15
    },
    "DAB": {
      "char": "D",
      "position": "29.17267,-81.19224",
      "elevation": 150,
      "primary_range": 60,
      "secondary_range": 60,
      "slope_angle": 0.175,
      "silence_angle": 15
    }
  },
  "scenarios": {
    "KJAX East": {
      "approach_airspace": [
        "JAX_N_APP"
      ],
      "arrival_runways": [
        {
          "airport": "KJAX",
          "runway": "08"
        },
        {
          "airport": "KJAX",
          "runway": "14"
        }
      ],
      "arrivals": {
        "LUNNI1": {
          "KJAX": 10
        },
        "MARQO2": {
          "KJAX": 4
        },
        "OHDEA1": {
          "KJAX": 10
        },
        "QUBEN1": {
          "KJAX": 2
        },
        "TEBOW1": {
          "KJAX": 5
        }
      },
      "solo_controller": "JAX_N_APP",
      "multi_controllers": {
        "JAX_N_APP": {
          "primary": true,
          "departure": true,
          "arrivals": [
            "LUNNI1"
          ]
        },
        "JAX_J_APP": {
          "backup": "JAX_R_APP"
        },
        "JAX_R_APP": {
          "backup": "JAX_N_APP",
          "arrivals": [
            "MARQO2",
            "OHDEA1"
          ]
        },
        "JAX_W_APP": {
          "backup": "JAX_R_APP",
          "arrivals": [
            "TEBOW1"
          ]
        },
        "JAX_V_APP": {
          "backup": "JAX_W_APP"
        },
        "JAX_E_APP": {
          "backup": "JAX_N_APP",
          "arrivals": [
            "QUBEN1"
          ]
        },
        "JAX_S_APP": {
          "backup": "JAX_E_APP"
        }
      },
      "controllers": [
        "JAX_30_CTR",
        "DAB_H_APP",
        "MCO_E_APP",
        "JAX_TWR"
      ],
      "default_map": "JAX EAST OPERATIONS",
      "departure_airspace": [
        "JAX_N_APP"
      ],
      "departure_runways": [
        {
          "airport": "KJAX",
          "rate": 15,
          "runway": "08"
        }
      ],
      "wind": {
        "direction": 90,
        "gust": 10,
        "speed": 5
      }
    },
    "KJAX West": {
      "approach_airspace": [
        "JAX_N_APP"
      ],
      "arrival_runways": [
        {
          "airport": "KJAX",
          "runway": "26"
        },
        {
          "airport": "KJAX",
          "runway": "32"
        }
      ],
      "arrivals": {
        "LUNNI1": {
          "KJAX": 10
        },
        "MARQO2": {
          "KJAX": 4
        },
        "OHDEA1": {
          "KJAX": 10
        },
        "QUBEN1": {
          "KJAX": 2
        },
        "TEBOW1": {
          "KJAX": 5
        }
      },
      "solo_controller": "JAX_N_APP",
      "multi_controllers": {
        "JAX_N_APP": {
          "primary": true,
          "departure": true,
          "arrivals": [
            "LUNNI1",
            "OHDEA1",
            "MARQO2"
          ]
        },
        "JAX_J_APP": {
          "backup": "JAX_R_APP"
        },
        "JAX_R_APP": {
          "backup": "JAX_N_APP"
        },
        "JAX_W_APP": {
          "backup": "JAX_N_APP",
          "arrivals": [
            "TEBOW1"
          ]
        },
        "JAX_V_APP": {
          "backup": "JAX_W_APP"
        },
        "JAX_E_APP": {
          "backup": "JAX_N_APP",
          "arrivals": [
            "QUBEN1"
          ]
        },
        "JAX_S_APP": {
          "backup": "JAX_E_APP"
        }
      },
      "controllers": [
        "JAX_30_CTR",
        "DAB_H_APP",
        "MCO_E_APP",
        "JAX_TWR"
      ],
      "default_map": "JAX WEST OPERATIONS",
      "departure_airspace": [
        "JAX_N_APP"
      ],
      "departure_runways": [
        {
          "airport": "KJAX",
          "rate": 15,
          "runway": "26"
        }
      ],
      "wind": {
        "direction": 290,
        "gust": 10,
        "speed": 5
      }
    }
  },
  "scratchpads": {
    "AMG": "ARN",
    "BAXLY": "ARN",
    "WISPR": "CRO",
    "EXBOX": "EXB",
    "OMN": "EXB",
    "CAPPS": "JET",
    "JAYJA": "JET",
    "SAWGY": "SAW"
  },
  "stars_maps": [
    {
      "group": 0,
      "label": "JAX E",
      "name": "JAX EAST OPERATIONS"
    },
    {
      "group": 0,
      "label": "JAX W",
      "name": "JAX WEST OPERATIONS"
    },
    {
      "group": 1,
      "label": "CLASS C",
      "name": "JAX CLASS C SURFACE AREA"
    },
    {
      "group":1,
      "label": "CLASS D",
      "name": "JAX CLASS D SURFACE AREAS"
    },
    {
      "group": 0,
      "label": "GEO",
      "name": "GEOGRAPHY"
    },
    {
      "group": 0,
      "label": "MVA",
      "name": "MINIMUM VECTORING ALT"
    },
    {
      "group": 0,
      "label": "STARS 8",
      "name": "RNAV STARS 8"
    },
    {
      "group": 0,
      "label": "STARS 14",
      "name": "RNAV STARS 14"
    },
    {
      "group": 0,
      "label": "STARS 26",
      "name": "RNAV STARS 26"
    },
    {
      "group": 0,
      "label": "STARS 32",
      "name": "RNAV STARS 32"
    }
  ],
  "video_map_file": "videomaps/jax-maps.json.zst"
}
