[
    { "number": 1, "filename": "N90124sgp.dat", "name": "0124s" },
    { "number": 2, "filename": "N90499sgp.dat", "name": "0499s" },
    { "number": 3, "filename": "n90100sgp.dat", "name": "0100s" },
    { "number": 4, "filename": "n90101sgp.dat", "name": "0101s" },
    { "number": 5, "filename": "n90102sgp.dat", "name": "0102s" },
    { "number": 6, "filename": "n90103sgp.dat", "name": "0103s" },
    { "number": 7, "filename": "n90103smvagp.dat", "name": "0103smva" },
    { "number": 8, "filename": "n90120sgp.dat", "name": "0120s" },
    { "number": 9, "filename": "n90121sgp.dat", "name": "0121s" },
    { "number": 10, "filename": "n90122sgp.dat", "name": "0122s" },
    { "number": 11, "filename": "n90123sgp.dat", "name": "0123s" },
    { "number": 12, "filename": "n90125sgp.dat", "name": "0125s" },
    { "number": 13, "filename": "n90126sgp.dat", "name": "0126s" },
    { "number": 14, "filename": "n90127sgp.dat", "name": "0127s" },
    { "number": 15, "filename": "n90128sgp.dat", "name": "0128s" },
    { "number": 16, "filename": "n90129sgp.dat", "name": "0129s" },
    { "number": 17, "filename": "n90130sgp.dat", "name": "0130s" },
    { "number": 18, "filename": "n90131sgp.dat", "name": "0131s" },
    { "number": 19, "filename": "n90132sgp.dat", "name": "0132s" },
    { "number": 20, "filename": "n90140sgp.dat", "name": "0140s" },
    { "number": 21, "filename": "n90141sgp.dat", "name": "0141s" },
    { "number": 22, "filename": "n90150sgp.dat", "name": "0150s" },
    { "number": 23, "filename": "n90180smvagp.dat", "name": "0180smva" },
    { "number": 24, "filename": "n90181sgp.dat", "name": "0181s" },
    { "number": 25, "filename": "n90182sgp.dat", "name": "0182s" },
    { "number": 26, "filename": "n90185sgp.dat", "name": "0185s" },
    { "number": 27, "filename": "n90198sgp.dat", "name": "0198s" },
    { "number": 28, "filename": "n90199sgp.dat", "name": "0199s" },
    { "number": 29, "filename": "n90200sgp.dat", "name": "0200s" },
    { "number": 30, "filename": "n90201sgp.dat", "name": "0201s" },
    { "number": 31, "filename": "n90202sgp.dat", "name": "0202s" },
    { "number": 32, "filename": "n90203sgp.dat", "name": "0203s" },
    { "number": 33, "filename": "n90204sgp.dat", "name": "0204s" },
    { "number": 34, "filename": "n90205sgp.dat", "name": "0205s" },
    { "number": 35, "filename": "n90206sgp.dat", "name": "0206s" },
    { "number": 36, "filename": "n90209sgp.dat", "name": "0209s" },
    { "number": 37, "filename": "n90210sgp.dat", "name": "0210s" },
    { "number": 38, "filename": "n90211sgp.dat", "name": "0211s" },
    { "number": 39, "filename": "n90220sgp.dat", "name": "0220s" },
    { "number": 40, "filename": "n90221sgp.dat", "name": "0221s" },
    { "number": 41, "filename": "n90240sgp.dat", "name": "0240s" },
    { "number": 42, "filename": "n90241sgp.dat", "name": "0241s" },
    { "number": 43, "filename": "n90242sgp.dat", "name": "0242s" },
    { "number": 44, "filename": "n90243sgp.dat", "name": "0243s" },
    { "number": 45, "filename": "n90244sgp.dat", "name": "0244s" },
    { "number": 46, "filename": "n90245sgp.dat", "name": "0245s" },
    { "number": 47, "filename": "n90246sgp.dat", "name": "0246s" },
    { "number": 48, "filename": "n90247sgp.dat", "name": "0247s" },
    { "number": 49, "filename": "n90280smvagp.dat", "name": "0280smva" },
    { "number": 50, "filename": "n90299sgp.dat", "name": "0299s" },
    { "number": 51, "filename": "n90300sgp.dat", "name": "0300s" },
    { "number": 52, "filename": "n90301sgp.dat", "name": "0301s" },
    { "number": 53, "filename": "n90302sgp.dat", "name": "0302s" },
    { "number": 54, "filename": "n90303sgp.dat", "name": "0303s" },
    { "number": 55, "filename": "n90304sgp.dat", "name": "0304s" },
    { "number": 56, "filename": "n90305sgp.dat", "name": "0305s" },
    { "number": 57, "filename": "n90306sgp.dat", "name": "0306s" },
    { "number": 58, "filename": "n90321sgp.dat", "name": "0321s" },
    { "number": 59, "filename": "n90322sgp.dat", "name": "0322s" },
    { "number": 60, "filename": "n90323sgp.dat", "name": "0323s" },
    { "number": 61, "filename": "n90341sgp.dat", "name": "0341s" },
    { "number": 62, "filename": "n90380smvagp.dat", "name": "0380smva" },
    { "number": 63, "filename": "n90400sgp.dat", "name": "0400s" },
    { "number": 64, "filename": "n90401sgp.dat", "name": "0401s" },
    { "number": 65, "filename": "n90402sgp.dat", "name": "0402s" },
    { "number": 66, "filename": "n90403sgp.dat", "name": "0403s" },
    { "number": 67, "filename": "n90407sgp.dat", "name": "0407s" },
    { "number": 68, "filename": "n90408sgp.dat", "name": "0408s" },
    { "number": 69, "filename": "n90420sgp.dat", "name": "0420s" },
    { "number": 70, "filename": "n90421sgp.dat", "name": "0421s" },
    { "number": 71, "filename": "n90422sgp.dat", "name": "0422s" },
    { "number": 72, "filename": "n90423sgp.dat", "name": "0423s" },
    { "number": 73, "filename": "n90425sgp.dat", "name": "0425s" },
    { "number": 74, "filename": "n90426sgp.dat", "name": "0426s" },
    { "number": 75, "filename": "n90427sgp.dat", "name": "0427s" },
    { "number": 76, "filename": "n90432sgp.dat", "name": "0432s" },
    { "number": 77, "filename": "n90433sgp.dat", "name": "0433s" },
    { "number": 78, "filename": "n90436sgp.dat", "name": "0436s" },
    { "number": 79, "filename": "n90437sgp.dat", "name": "0437s" },
    { "number": 80, "filename": "n90438sgp.dat", "name": "0438s" },
    { "number": 81, "filename": "n90445sgp.dat", "name": "0445s" },
    { "number": 82, "filename": "n90447sgp.dat", "name": "0447s" },
    { "number": 83, "filename": "n90450sgp.dat", "name": "0450s" },
    { "number": 84, "filename": "n90461sgp.dat", "name": "0461s" },
    { "number": 85, "filename": "n90480smvagp.dat", "name": "0480smva" },
    { "number": 86, "filename": "n90481sgp.dat", "name": "0481s" },
    { "number": 87, "filename": "n90482sgp.dat", "name": "0482s" },
    { "number": 88, "filename": "n90483sgp.dat", "name": "0483s" },
    { "number": 89, "filename": "n90484sgp.dat", "name": "0484s" },
    { "number": 90, "filename": "n90498sgp.dat", "name": "0498s" },
    { "number": 91, "filename": "n90500sgp.dat", "name": "0500s" },
    { "number": 92, "filename": "n90501sgp.dat", "name": "0501s" },
    { "number": 93, "filename": "n90504sgp.dat", "name": "0504s" },
    { "number": 94, "filename": "n90515sgp.dat", "name": "0515s" },
    { "number": 95, "filename": "n90520sgp.dat", "name": "0520s" },
    { "number": 96, "filename": "n90521sgp.dat", "name": "0521s" },
    { "number": 97, "filename": "n90522sgp.dat", "name": "0522s" },
    { "number": 98, "filename": "n90523sgp.dat", "name": "0523s" },
    { "number": 99, "filename": "n90580smvagp.dat", "name": "0580smva" },
    { "number": 100, "filename": "n90599sgp.dat", "name": "0599s" },
    { "number": 101, "filename": "n90709sgp.dat", "name": "0709s" },
    { "number": 102, "filename": "n90710sgp.dat", "name": "0710s" },
    { "number": 103, "filename": "n90720sgp.dat", "name": "0720s" },
    { "number": 104, "filename": "n90730sgp.dat", "name": "0730s" },
    { "number": 105, "filename": "n90740sgp.dat", "name": "0740s" },
    { "number": 106, "filename": "n90741sgp.dat", "name": "0741s" },
    { "number": 107, "filename": "n90803smvagp.dat", "name": "0803smva" },
    { "number": 108, "filename": "n90805smvagp.dat", "name": "0805smva" },
    { "number": 109, "filename": "n90810sgp.dat", "name": "0810s" },
    { "number": 110, "filename": "n90811sgp.dat", "name": "0811s" },
    { "number": 111, "filename": "n90812sgp.dat", "name": "0812s" },
    { "number": 112, "filename": "n90813sgp.dat", "name": "0813s" },
    { "number": 113, "filename": "n90833sgp.dat", "name": "0833s" },
    { "number": 114, "filename": "n90834sgp.dat", "name": "0834s" },
    { "number": 115, "filename": "n90835sgp.dat", "name": "0835s" },
    { "number": 116, "filename": "n90840sgp.dat", "name": "0840s" },
    { "number": 117, "filename": "n90841sgp.dat", "name": "0841s" },
    { "number": 118, "filename": "n90844sgp.dat", "name": "0844s" },
    { "number": 119, "filename": "n90845sgp.dat", "name": "0845s" },
    { "number": 120, "filename": "n90846sgp.dat", "name": "0846s" },
    { "number": 121, "filename": "n90847sgp.dat", "name": "0847s" },
    { "number": 122, "filename": "n90848sgp.dat", "name": "0848s" },
    { "number": 123, "filename": "n90849sgp.dat", "name": "0849s" },
    { "number": 124, "filename": "n90850sgp.dat", "name": "0850s" },
    { "number": 125, "filename": "n90851sgp.dat", "name": "0851s" },
    { "number": 126, "filename": "n90852sgp.dat", "name": "0852s" },
    { "number": 127, "filename": "n90860sgp.dat", "name": "0860s" },
    { "number": 128, "filename": "n90861sgp.dat", "name": "0861s" },
    { "number": 129, "filename": "n90870seovmgp.dat", "name": "0870seovm" },
    { "number": 130, "filename": "n90882sgp.dat", "name": "0882s" },
    { "number": 131, "filename": "n90883sgp.dat", "name": "0883s" },
    { "number": 132, "filename": "n90884sgp.dat", "name": "0884s" },
    { "number": 133, "filename": "n90888sgp.dat", "name": "0888s" },
    { "number": 134, "filename": "n90889sgp.dat", "name": "0889s" },
    { "number": 135, "filename": "n90890sgp.dat", "name": "0890s" },
    { "number": 136, "filename": "n90900sgp.dat", "name": "0900s" },
    { "number": 137, "filename": "n90903sgp.dat", "name": "0903s" },
    { "number": 138, "filename": "n90904sgp.dat", "name": "0904s" },
    { "number": 139, "filename": "n90905sgp.dat", "name": "0905s" },
    { "number": 140, "filename": "n90912sgp.dat", "name": "0912s" },
    { "number": 141, "filename": "n90940sgp.dat", "name": "0940s" },
    { "number": 142, "filename": "n90941sgp.dat", "name": "0941s" },
    { "number": 143, "filename": "n90942sgp.dat", "name": "0942s" },
    { "number": 144, "filename": "n90943sgp.dat", "name": "0943s" },
    { "number": 145, "filename": "n90944sgp.dat", "name": "0944s" },
    { "number": 146, "filename": "n90950sgp.dat", "name": "0950s" },
    { "number": 147, "filename": "n90951sgp.dat", "name": "0951s" },
    { "number": 148, "filename": "n90952sgp.dat", "name": "0952s" },
    { "number": 149, "filename": "n90953sgp.dat", "name": "0953s" },
    { "number": 150, "filename": "n90960sgp.dat", "name": "0960s" },
    { "number": 151, "filename": "n90961sgp.dat", "name": "0961s" },
    { "number": 152, "filename": "n90962sgp.dat", "name": "0962s" },
    { "number": 153, "filename": "n90963sgp.dat", "name": "0963s" },
    { "number": 154, "filename": "n90964sgp.dat", "name": "0964s" },
    { "number": 155, "filename": "n90965sgp.dat", "name": "0965s" },
    { "number": 156, "filename": "n90966sgp.dat", "name": "0966s" },
    { "number": 157, "filename": "n90967sgp.dat", "name": "0967s" },
    { "number": 158, "filename": "n90968sgp.dat", "name": "0968s" },
    { "number": 159, "filename": "n90969sgp.dat", "name": "0969s" },
    { "number": 160, "filename": "n90970sgp.dat", "name": "0970s" },
    { "number": 161, "filename": "n90971sgp.dat", "name": "0971s" },
    { "number": 162, "filename": "n90972sgp.dat", "name": "0972s" },
    { "number": 163, "filename": "n90973sgp.dat", "name": "0973s" },
    { "number": 164, "filename": "n90974sgp.dat", "name": "0974s" },
    { "number": 165, "filename": "n90975sgp.dat", "name": "0975s" },
    { "number": 166, "filename": "n90976sgp.dat", "name": "0976s" },
    { "number": 167, "filename": "n90977sgp.dat", "name": "0977s" },
    { "number": 168, "filename": "n90978sgp.dat", "name": "0978s" },
    { "number": 169, "filename": "n90979sgp.dat", "name": "0979s" },
    { "number": 170, "filename": "n90980sgp.dat", "name": "0980s" },
    { "number": 171, "filename": "n90981sgp.dat", "name": "0981s" },
    { "number": 172, "filename": "n90982sgp.dat", "name": "0982s" },
    { "number": 173, "filename": "n90983sgp.dat", "name": "0983s" },
    { "number": 174, "filename": "n90984sgp.dat", "name": "0984s" },
    { "number": 175, "filename": "n90985sgp.dat", "name": "0985s" },
    { "number": 176, "filename": "n90986sgp.dat", "name": "0986s" },
    { "number": 177, "filename": "n90987sgp.dat", "name": "0987s" },
    { "number": 178, "filename": "n90988sgp.dat", "name": "0988s" },
    { "number": 179, "filename": "n90989sgp.dat", "name": "0989s" },
    { "number": 180, "filename": "n90990sgp.dat", "name": "0990s" },
    { "number": 181, "filename": "n90999sgp.dat", "name": "0999s" }
]
